weekend,rank,destination,airport,google_total,currency,passengers,outbound_example,outbound_stops,checked_at,google_search_url
19–21 Sep,1,Madeira,FNC,121.0,EUR,1,U27627 LIS-FNC 17:55-19:45,0,2026-09-09T08:49:38+01:00,https://www.google.com/travel/flights/search?tfs=Gh4SCjIwMjYtMDktMTkoAUAGagUSA0xJU3IFEgNGTkMaHhIKMjAyNi0wOS0yMSgBQBBqBRIDRk5DcgUSA0xJU0IBAUgBiAEBmAEB&hl=en&gl=PT&curr=EUR
19–21 Sep,2,London Gatwick,LGW,167.0,EUR,1,U28512 LIS-LGW 06:05-08:45,0,2026-09-09T08:49:45+01:00,https://www.google.com/travel/flights/search?tfs=Gh4SCjIwMjYtMDktMTkoAUAGagUSA0xJU3IFEgNMR1caHhIKMjAyNi0wOS0yMSgBQBBqBRIDTEdXcgUSA0xJU0IBAUgBiAEBmAEB&hl=en&gl=PT&curr=EUR
19–21 Sep,3,Dublin,DUB,182.0,EUR,1,FR7329 LIS-DUB 21:15-23:59,0,2026-09-09T08:49:38+01:00,https://www.google.com/travel/flights/search?tfs=Gh4SCjIwMjYtMDktMTkoAUAGagUSA0xJU3IFEgNEVUIaHhIKMjAyNi0wOS0yMSgBQBBqBRIDRFVCcgUSA0xJU0IBAUgBiAEBmAEB&hl=en&gl=PT&curr=EUR
19–21 Sep,4,London Luton,LTN,184.0,EUR,1,U22460 LIS-LTN 11:05-13:50,0,2026-09-09T08:49:45+01:00,https://www.google.com/travel/flights/search?tfs=Gh4SCjIwMjYtMDktMTkoAUAGagUSA0xJU3IFEgNMVE4aHhIKMjAyNi0wOS0yMSgBQBBqBRIDTFROcgUSA0xJU0IBAUgBiAEBmAEB&hl=en&gl=PT&curr=EUR
19–21 Sep,5,Milan Malpensa,MXP,212.0,EUR,1,U23874 LIS-MXP 20:55-00:35,0,2026-09-09T08:49:41+01:00,https://www.google.com/travel/flights/search?tfs=Gh4SCjIwMjYtMDktMTkoAUAGagUSA0xJU3IFEgNNWFAaHhIKMjAyNi0wOS0yMSgBQBBqBRIDTVhQcgUSA0xJU0IBAUgBiAEBmAEB&hl=en&gl=PT&curr=EUR
19–21 Sep,6,Nice,NCE,213.0,EUR,1,U27611 LIS-NCE 15:55-19:20,0,2026-09-09T08:49:38+01:00,https://www.google.com/travel/flights/search?tfs=Gh4SCjIwMjYtMDktMTkoAUAGagUSA0xJU3IFEgNOQ0UaHhIKMjAyNi0wOS0yMSgBQBBqBRIDTkNFcgUSA0xJU0IBAUgBiAEBmAEB&hl=en&gl=PT&curr=EUR
19–21 Sep,7,Venice,VCE,216.0,EUR,1,VY8469 LIS-BCN 17:50-20:45 / VY6400 BCN-VCE 06:30-08:20,1,2026-09-09T08:49:42+01:00,https://www.google.com/travel/flights/search?tfs=Gh4SCjIwMjYtMDktMTkoAUAGagUSA0xJU3IFEgNWQ0UaHhIKMjAyNi0wOS0yMSgBQBBqBRIDVkNFcgUSA0xJU0IBAUgBiAEBmAEB&hl=en&gl=PT&curr=EUR
19–21 Sep,8,Rome,FCO,226.0,EUR,1,VY8469 LIS-BCN 17:50-20:45 / VY6100 BCN-FCO 06:40-08:30,1,2026-09-09T08:49:41+01:00,https://www.google.com/travel/flights/search?tfs=Gh4SCjIwMjYtMDktMTkoAUAGagUSA0xJU3IFEgNGQ08aHhIKMjAyNi0wOS0yMSgBQBBqBRIDRkNPcgUSA0xJU0IBAUgBiAEBmAEB&hl=en&gl=PT&curr=EUR
19–21 Sep,9,Prague,PRG,260.0,EUR,1,KL1580 LIS-AMS 11:55-15:50 / KL1359 AMS-PRG 18:20-19:50,1,2026-09-09T08:49:44+01:00,https://www.google.com/travel/flights/search?tfs=Gh4SCjIwMjYtMDktMTkoAUAGagUSA0xJU3IFEgNQUkcaHhIKMjAyNi0wOS0yMSgBQBBqBRIDUFJHcgUSA0xJU0IBAUgBiAEBmAEB&hl=en&gl=PT&curr=EUR
19–21 Sep,10,London Heathrow,LHR,268.0,EUR,1,AF1025 LIS-CDG 12:15-15:45 / AF1180 CDG-LHR 18:15-18:35,1,2026-09-09T08:49:44+01:00,https://www.google.com/travel/flights/search?tfs=Gh4SCjIwMjYtMDktMTkoAUAGagUSA0xJU3IFEgNMSFIaHhIKMjAyNi0wOS0yMSgBQBBqBRIDTEhScgUSA0xJU0IBAUgBiAEBmAEB&hl=en&gl=PT&curr=EUR
19–21 Sep,11,Copenhagen,CPH,283.0,EUR,1,KL1580 LIS-AMS 11:55-15:50 / KL1275 AMS-CPH 16:55-18:15,1,2026-09-09T08:49:44+01:00,https://www.google.com/travel/flights/search?tfs=Gh4SCjIwMjYtMDktMTkoAUAGagUSA0xJU3IFEgNDUEgaHhIKMjAyNi0wOS0yMSgBQBBqBRIDQ1BIcgUSA0xJU0IBAUgBiAEBmAEB&hl=en&gl=PT&curr=EUR
19–21 Sep,12,Bologna,BLQ,294.0,EUR,1,AF1025 LIS-CDG 12:15-15:45 / AF1028 CDG-BLQ 21:30-23:10,1,2026-09-09T08:49:41+01:00,https://www.google.com/travel/flights/search?tfs=Gh4SCjIwMjYtMDktMTkoAUAGagUSA0xJU3IFEgNCTFEaHhIKMjAyNi0wOS0yMSgBQBBqBRIDQkxRcgUSA0xJU0IBAUgBiAEBmAEB&hl=en&gl=PT&curr=EUR
19–21 Sep,13,Naples,NAP,299.0,EUR,1,VY8469 LIS-BCN 17:50-20:45 / VY6500 BCN-NAP 07:20-09:20,1,2026-09-09T08:49:41+01:00,https://www.google.com/travel/flights/search?tfs=Gh4SCjIwMjYtMDktMTkoAUAGagUSA0xJU3IFEgNOQVAaHhIKMjAyNi0wOS0yMSgBQBBqBRIDTkFQcgUSA0xJU0IBAUgBiAEBmAEB&hl=en&gl=PT&curr=EUR
19–21 Sep,14,Zagreb,ZAG,308.0,EUR,1,KL1580 LIS-AMS 11:55-15:50 / KL1969 AMS-ZAG 20:45-22:40,1,2026-09-09T08:49:43+01:00,https://www.google.com/travel/flights/search?tfs=Gh4SCjIwMjYtMDktMTkoAUAGagUSA0xJU3IFEgNaQUcaHhIKMjAyNi0wOS0yMSgBQBBqBRIDWkFHcgUSA0xJU0IBAUgBiAEBmAEB&hl=en&gl=PT&curr=EUR
19–21 Sep,15,Dubrovnik,DBV,309.0,EUR,1,VY8469 LIS-BCN 17:50-20:45 / VY7720 BCN-DBV 06:50-09:00,1,2026-09-09T08:49:44+01:00,https://www.google.com/travel/flights/search?tfs=Gh4SCjIwMjYtMDktMTkoAUAGagUSA0xJU3IFEgNEQlYaHhIKMjAyNi0wOS0yMSgBQBBqBRIDREJWcgUSA0xJU0IBAUgBiAEBmAEB&hl=en&gl=PT&curr=EUR
19–21 Sep,16,Berlin,BER,312.0,EUR,1,KL1586 LIS-AMS 19:45-23:40 / KL1771 AMS-BER 07:00-08:20,1,2026-09-09T08:49:42+01:00,https://www.google.com/travel/flights/search?tfs=Gh4SCjIwMjYtMDktMTkoAUAGagUSA0xJU3IFEgNCRVIaHhIKMjAyNi0wOS0yMSgBQBBqBRIDQkVScgUSA0xJU0IBAUgBiAEBmAEB&hl=en&gl=PT&curr=EUR
19–21 Sep,17,Edinburgh,EDI,314.0,EUR,1,AF1195 LIS-CDG 18:50-22:20 / AF1686 CDG-EDI 09:45-10:40,1,2026-09-09T08:49:42+01:00,https://www.google.com/travel/flights/search?tfs=Gh4SCjIwMjYtMDktMTkoAUAGagUSA0xJU3IFEgNFREkaHhIKMjAyNi0wOS0yMSgBQBBqBRIDRURJcgUSA0xJU0IBAUgBiAEBmAEB&hl=en&gl=PT&curr=EUR
19–21 Sep,18,Oslo,OSL,315.0,EUR,1,KL1586 LIS-AMS 19:45-23:40 / KL1197 AMS-OSL 07:00-08:45,1,2026-09-09T08:49:46+01:00,https://www.google.com/travel/flights/search?tfs=Gh4SCjIwMjYtMDktMTkoAUAGagUSA0xJU3IFEgNPU0waHhIKMjAyNi0wOS0yMSgBQBBqBRIDT1NMcgUSA0xJU0IBAUgBiAEBmAEB&hl=en&gl=PT&curr=EUR
19–21 Sep,19,Bergen,BGO,323.0,EUR,1,LH1781 LIS-MUC 06:15-10:20 / LH2450 MUC-BGO 15:20-17:35,1,2026-09-09T08:49:46+01:00,https://www.google.com/travel/flights/search?tfs=Gh4SCjIwMjYtMDktMTkoAUAGagUSA0xJU3IFEgNCR08aHhIKMjAyNi0wOS0yMSgBQBBqBRIDQkdPcgUSA0xJU0IBAUgBiAEBmAEB&hl=en&gl=PT&curr=EUR
19–21 Sep,20,Glasgow,GLA,326.0,EUR,1,BA505 LIS-LHR 16:25-19:10 / BA1496 LHR-GLA 20:55-22:15,1,2026-09-09T08:49:42+01:00,https://www.google.com/travel/flights/search?tfs=Gh4SCjIwMjYtMDktMTkoAUAGagUSA0xJU3IFEgNHTEEaHhIKMjAyNi0wOS0yMSgBQBBqBRIDR0xBcgUSA0xJU0IBAUgBiAEBmAEB&hl=en&gl=PT&curr=EUR
19–21 Sep,21,Split,SPU,339.0,EUR,1,VY8469 LIS-BCN 17:50-20:45 / VY2478 BCN-SPU 06:15-08:15,1,2026-09-09T08:49:43+01:00,https://www.google.com/travel/flights/search?tfs=Gh4SCjIwMjYtMDktMTkoAUAGagUSA0xJU3IFEgNTUFUaHhIKMjAyNi0wOS0yMSgBQBBqBRIDU1BVcgUSA0xJU0IBAUgBiAEBmAEB&hl=en&gl=PT&curr=EUR
19–21 Sep,22,Marrakech,RAK,368.0,EUR,1,AT983 LIS-CMN 18:40-20:05 / AT401 CMN-RAK 21:50-22:55,1,2026-09-09T08:49:39+01:00,https://www.google.com/travel/flights/search?tfs=Gh4SCjIwMjYtMDktMTkoAUAGagUSA0xJU3IFEgNSQUsaHhIKMjAyNi0wOS0yMSgBQBBqBRIDUkFLcgUSA0xJU0IBAUgBiAEBmAEB&hl=en&gl=PT&curr=EUR
19–21 Sep,23,Agadir,AGA,368.0,EUR,1,AT983 LIS-CMN 18:40-20:05 / AT431 CMN-AGA 23:15-00:15,1,2026-09-09T08:49:39+01:00,https://www.google.com/travel/flights/search?tfs=Gh4SCjIwMjYtMDktMTkoAUAGagUSA0xJU3IFEgNBR0EaHhIKMjAyNi0wOS0yMSgBQBBqBRIDQUdBcgUSA0xJU0IBAUgBiAEBmAEB&hl=en&gl=PT&curr=EUR
19–21 Sep,24,Casablanca,CMN,390.0,EUR,1,AF1225 LIS-CDG 09:50-13:20 / AF1196 CDG-CMN 15:15-17:20,1,2026-09-09T08:49:39+01:00,https://www.google.com/travel/flights/search?tfs=Gh4SCjIwMjYtMDktMTkoAUAGagUSA0xJU3IFEgNDTU4aHhIKMjAyNi0wOS0yMSgBQBBqBRIDQ01OcgUSA0xJU0IBAUgBiAEBmAEB&hl=en&gl=PT&curr=EUR
19–21 Sep,25,Billund,BLL,449.0,EUR,1,KL1580 LIS-AMS 11:55-15:50 / KL1299 AMS-BLL 16:45-17:55,1,2026-09-09T08:49:44+01:00,https://www.google.com/travel/flights/search?tfs=Gh4SCjIwMjYtMDktMTkoAUAGagUSA0xJU3IFEgNCTEwaHhIKMjAyNi0wOS0yMSgBQBBqBRIDQkxMcgUSA0xJU0IBAUgBiAEBmAEB&hl=en&gl=PT&curr=EUR
19–21 Sep,26,Genoa / Cinque Terre,GOA,537.0,EUR,1,LH1781 LIS-MUC 06:15-10:20 / LH1892 MUC-GOA 22:05-23:20,1,2026-09-09T08:49:40+01:00,https://www.google.com/travel/flights/search?tfs=Gh4SCjIwMjYtMDktMTkoAUAGagUSA0xJU3IFEgNHT0EaHhIKMjAyNi0wOS0yMSgBQBBqBRIDR09BcgUSA0xJU0IBAUgBiAEBmAEB&hl=en&gl=PT&curr=EUR
19–21 Sep,27,Pisa / Cinque Terre,PSA,664.0,EUR,1,EW603 LIS-CGN 14:40-18:30 / EW896 CGN-PSA 11:35-13:10,1,2026-09-09T08:49:40+01:00,https://www.google.com/travel/flights/search?tfs=Gh4SCjIwMjYtMDktMTkoAUAGagUSA0xJU3IFEgNQU0EaHhIKMjAyNi0wOS0yMSgBQBBqBRIDUFNBcgUSA0xJU0IBAUgBiAEBmAEB&hl=en&gl=PT&curr=EUR
19–21 Sep,28,Shannon / Cliffs of Moher,SNN,776.0,EUR,1,BA507 LIS-LHR 18:55-21:40 / EI381 LHR-SNN 09:50-11:20,1,2026-09-09T08:49:39+01:00,https://www.google.com/travel/flights/search?tfs=Gh4SCjIwMjYtMDktMTkoAUAGagUSA0xJU3IFEgNTTk4aHhIKMjAyNi0wOS0yMSgBQBBqBRIDU05OcgUSA0xJU0IBAUgBiAEBmAEB&hl=en&gl=PT&curr=EUR
19–21 Sep,29,London Stansted,STN,783.0,EUR,1,LH1779 LIS-MUC 14:30-18:40 / LH2694 MUC-STN 14:35-15:35,1,2026-09-09T08:49:45+01:00,https://www.google.com/travel/flights/search?tfs=Gh4SCjIwMjYtMDktMTkoAUAGagUSA0xJU3IFEgNTVE4aHhIKMjAyNi0wOS0yMSgBQBBqBRIDU1ROcgUSA0xJU0IBAUgBiAEBmAEB&hl=en&gl=PT&curr=EUR
19–21 Sep,30,Rovaniemi,RVN,934.0,EUR,1,AY1740 LIS-HEL 16:40-23:15 / AY531 HEL-RVN 07:05-08:20,1,2026-09-09T08:49:40+01:00,https://www.google.com/travel/flights/search?tfs=Gh4SCjIwMjYtMDktMTkoAUAGagUSA0xJU3IFEgNSVk4aHhIKMjAyNi0wOS0yMSgBQBBqBRIDUlZOcgUSA0xJU0IBAUgBiAEBmAEB&hl=en&gl=PT&curr=EUR
19–21 Sep,31,Reykjavík,KEF,1363.0,EUR,1,TP1901 LIS-FAO 09:35-10:25 / FI959 FAO-KEF 16:30-20:05,1,2026-09-09T08:49:40+01:00,https://www.google.com/travel/flights/search?tfs=Gh4SCjIwMjYtMDktMTkoAUAGagUSA0xJU3IFEgNLRUYaHhIKMjAyNi0wOS0yMSgBQBBqBRIDS0VGcgUSA0xJU0IBAUgBiAEBmAEB&hl=en&gl=PT&curr=EUR
25–28 Sep,1,London Luton,LTN,154.0,EUR,1,U22464 LIS-LTN 21:40-00:15,0,2026-09-09T08:49:54+01:00,https://www.google.com/travel/flights/search?tfs=Gh4SCjIwMjYtMDktMjUoAUAQagUSA0xJU3IFEgNMVE4aHhIKMjAyNi0wOS0yOCgBQBBqBRIDTFROcgUSA0xJU0IBAUgBiAEBmAEB&hl=en&gl=PT&curr=EUR
25–28 Sep,2,Dublin,DUB,164.0,EUR,1,FR7137 LIS-DUB 22:30-01:15,0,2026-09-09T08:49:47+01:00,https://www.google.com/travel/flights/search?tfs=Gh4SCjIwMjYtMDktMjUoAUAQagUSA0xJU3IFEgNEVUIaHhIKMjAyNi0wOS0yOCgBQBBqBRIDRFVCcgUSA0xJU0IBAUgBiAEBmAEB&hl=en&gl=PT&curr=EUR
25–28 Sep,3,London Gatwick,LGW,169.0,EUR,1,U28518 LIS-LGW 20:45-23:30,0,2026-09-09T08:49:54+01:00,https://www.google.com/travel/flights/search?tfs=Gh4SCjIwMjYtMDktMjUoAUAQagUSA0xJU3IFEgNMR1caHhIKMjAyNi0wOS0yOCgBQBBqBRIDTEdXcgUSA0xJU0IBAUgBiAEBmAEB&hl=en&gl=PT&curr=EUR
25–28 Sep,4,Nice,NCE,175.0,EUR,1,LX2087 LIS-ZRH 18:20-22:15 / LX562 ZRH-NCE 07:05-08:15,1,2026-09-09T08:49:47+01:00,https://www.google.com/travel/flights/search?tfs=Gh4SCjIwMjYtMDktMjUoAUAQagUSA0xJU3IFEgNOQ0UaHhIKMjAyNi0wOS0yOCgBQBBqBRIDTkNFcgUSA0xJU0IBAUgBiAEBmAEB&hl=en&gl=PT&curr=EUR
25–28 Sep,5,Milan Malpensa,MXP,189.0,EUR,1,UX1156 LIS-MAD 16:05-18:20 / UX1063 MAD-MXP 12:50-14:55,1,2026-09-09T08:49:49+01:00,https://www.google.com/travel/flights/search?tfs=Gh4SCjIwMjYtMDktMjUoAUAQagUSA0xJU3IFEgNNWFAaHhIKMjAyNi0wOS0yOCgBQBBqBRIDTVhQcgUSA0xJU0IBAUgBiAEBmAEB&hl=en&gl=PT&curr=EUR
25–28 Sep,6,Madeira,FNC,192.0,EUR,1,U27627 LIS-FNC 18:30-20:20,0,2026-09-09T08:49:47+01:00,https://www.google.com/travel/flights/search?tfs=Gh4SCjIwMjYtMDktMjUoAUAQagUSA0xJU3IFEgNGTkMaHhIKMjAyNi0wOS0yOCgBQBBqBRIDRk5DcgUSA0xJU0IBAUgBiAEBmAEB&hl=en&gl=PT&curr=EUR
25–28 Sep,7,Venice,VCE,205.0,EUR,1,VY8465 LIS-BCN 22:10-01:05 / VY6400 BCN-VCE 06:30-08:20,1,2026-09-09T08:49:50+01:00,https://www.google.com/travel/flights/search?tfs=Gh4SCjIwMjYtMDktMjUoAUAQagUSA0xJU3IFEgNWQ0UaHhIKMjAyNi0wOS0yOCgBQBBqBRIDVkNFcgUSA0xJU0IBAUgBiAEBmAEB&hl=en&gl=PT&curr=EUR
25–28 Sep,8,Rome,FCO,220.0,EUR,1,VY8465 LIS-BCN 22:10-01:05 / VY6100 BCN-FCO 06:30-08:20,1,2026-09-09T08:49:50+01:00,https://www.google.com/travel/flights/search?tfs=Gh4SCjIwMjYtMDktMjUoAUAQagUSA0xJU3IFEgNGQ08aHhIKMjAyNi0wOS0yOCgBQBBqBRIDRkNPcgUSA0xJU0IBAUgBiAEBmAEB&hl=en&gl=PT&curr=EUR
25–28 Sep,9,Bologna,BLQ,227.0,EUR,1,VY8465 LIS-BCN 22:10-01:05 / VY6524 BCN-BLQ 06:25-08:05,1,2026-09-09T08:49:50+01:00,https://www.google.com/travel/flights/search?tfs=Gh4SCjIwMjYtMDktMjUoAUAQagUSA0xJU3IFEgNCTFEaHhIKMjAyNi0wOS0yOCgBQBBqBRIDQkxRcgUSA0xJU0IBAUgBiAEBmAEB&hl=en&gl=PT&curr=EUR
25–28 Sep,10,Naples,NAP,284.0,EUR,1,LX2087 LIS-ZRH 18:20-22:15 / LX1712 ZRH-NAP 07:00-08:40,1,2026-09-09T08:49:50+01:00,https://www.google.com/travel/flights/search?tfs=Gh4SCjIwMjYtMDktMjUoAUAQagUSA0xJU3IFEgNOQVAaHhIKMjAyNi0wOS0yOCgBQBBqBRIDTkFQcgUSA0xJU0IBAUgBiAEBmAEB&hl=en&gl=PT&curr=EUR
25–28 Sep,11,London Heathrow,LHR,285.0,EUR,1,AF1195 LIS-CDG 18:50-22:20 / AF1680 CDG-LHR 07:30-07:55,1,2026-09-09T08:49:53+01:00,https://www.google.com/travel/flights/search?tfs=Gh4SCjIwMjYtMDktMjUoAUAQagUSA0xJU3IFEgNMSFIaHhIKMjAyNi0wOS0yOCgBQBBqBRIDTEhScgUSA0xJU0IBAUgBiAEBmAEB&hl=en&gl=PT&curr=EUR
25–28 Sep,12,Prague,PRG,285.0,EUR,1,KL1586 LIS-AMS 19:45-23:40 / KL1353 AMS-PRG 09:05-10:30,1,2026-09-09T08:49:52+01:00,https://www.google.com/travel/flights/search?tfs=Gh4SCjIwMjYtMDktMjUoAUAQagUSA0xJU3IFEgNQUkcaHhIKMjAyNi0wOS0yOCgBQBBqBRIDUFJHcgUSA0xJU0IBAUgBiAEBmAEB&hl=en&gl=PT&curr=EUR
25–28 Sep,13,Edinburgh,EDI,292.0,EUR,1,KL1586 LIS-AMS 19:45-23:40 / KL923 AMS-EDI 08:05-08:30,1,2026-09-09T08:49:51+01:00,https://www.google.com/travel/flights/search?tfs=Gh4SCjIwMjYtMDktMjUoAUAQagUSA0xJU3IFEgNFREkaHhIKMjAyNi0wOS0yOCgBQBBqBRIDRURJcgUSA0xJU0IBAUgBiAEBmAEB&hl=en&gl=PT&curr=EUR
25–28 Sep,14,Copenhagen,CPH,292.0,EUR,1,LX2087 LIS-ZRH 18:20-22:15 / LX1266 ZRH-CPH 07:10-08:55,1,2026-09-09T08:49:53+01:00,https://www.google.com/travel/flights/search?tfs=Gh4SCjIwMjYtMDktMjUoAUAQagUSA0xJU3IFEgNDUEgaHhIKMjAyNi0wOS0yOCgBQBBqBRIDQ1BIcgUSA0xJU0IBAUgBiAEBmAEB&hl=en&gl=PT&curr=EUR
25–28 Sep,15,Casablanca,CMN,296.0,EUR,1,AF1195 LIS-CDG 18:50-22:20 / AF1896 CDG-CMN 07:05-08:15,1,2026-09-09T08:49:48+01:00,https://www.google.com/travel/flights/search?tfs=Gh4SCjIwMjYtMDktMjUoAUAQagUSA0xJU3IFEgNDTU4aHhIKMjAyNi0wOS0yOCgBQBBqBRIDQ01OcgUSA0xJU0IBAUgBiAEBmAEB&hl=en&gl=PT&curr=EUR
25–28 Sep,16,Berlin,BER,311.0,EUR,1,VY8465 LIS-BCN 22:10-01:05 / VY1884 BCN-BER 06:40-09:25,1,2026-09-09T08:49:51+01:00,https://www.google.com/travel/flights/search?tfs=Gh4SCjIwMjYtMDktMjUoAUAQagUSA0xJU3IFEgNCRVIaHhIKMjAyNi0wOS0yOCgBQBBqBRIDQkVScgUSA0xJU0IBAUgBiAEBmAEB&hl=en&gl=PT&curr=EUR
25–28 Sep,17,Oslo,OSL,317.0,EUR,1,AF1195 LIS-CDG 18:50-22:20 / AF1174 CDG-OSL 09:25-11:45,1,2026-09-09T08:49:54+01:00,https://www.google.com/travel/flights/search?tfs=Gh4SCjIwMjYtMDktMjUoAUAQagUSA0xJU3IFEgNPU0waHhIKMjAyNi0wOS0yOCgBQBBqBRIDT1NMcgUSA0xJU0IBAUgBiAEBmAEB&hl=en&gl=PT&curr=EUR
25–28 Sep,18,Split,SPU,330.0,EUR,1,VY8465 LIS-BCN 22:10-01:05 / VY2476 BCN-SPU 11:45-13:55,1,2026-09-09T08:49:52+01:00,https://www.google.com/travel/flights/search?tfs=Gh4SCjIwMjYtMDktMjUoAUAQagUSA0xJU3IFEgNTUFUaHhIKMjAyNi0wOS0yOCgBQBBqBRIDU1BVcgUSA0xJU0IBAUgBiAEBmAEB&hl=en&gl=PT&curr=EUR
25–28 Sep,19,Dubrovnik,DBV,345.0,EUR,1,VY8465 LIS-BCN 22:10-01:05 / VY7720 BCN-DBV 12:05-14:25,1,2026-09-09T08:49:52+01:00,https://www.google.com/travel/flights/search?tfs=Gh4SCjIwMjYtMDktMjUoAUAQagUSA0xJU3IFEgNEQlYaHhIKMjAyNi0wOS0yOCgBQBBqBRIDREJWcgUSA0xJU0IBAUgBiAEBmAEB&hl=en&gl=PT&curr=EUR
25–28 Sep,20,Marrakech,RAK,375.0,EUR,1,AT983 LIS-CMN 18:40-19:05 / AT401 CMN-RAK 20:50-21:55,1,2026-09-09T08:49:47+01:00,https://www.google.com/travel/flights/search?tfs=Gh4SCjIwMjYtMDktMjUoAUAQagUSA0xJU3IFEgNSQUsaHhIKMjAyNi0wOS0yOCgBQBBqBRIDUkFLcgUSA0xJU0IBAUgBiAEBmAEB&hl=en&gl=PT&curr=EUR
25–28 Sep,21,Agadir,AGA,375.0,EUR,1,AT983 LIS-CMN 18:40-19:05 / AT429 CMN-AGA 20:50-22:15,1,2026-09-09T08:49:48+01:00,https://www.google.com/travel/flights/search?tfs=Gh4SCjIwMjYtMDktMjUoAUAQagUSA0xJU3IFEgNBR0EaHhIKMjAyNi0wOS0yOCgBQBBqBRIDQUdBcgUSA0xJU0IBAUgBiAEBmAEB&hl=en&gl=PT&curr=EUR
25–28 Sep,22,Zagreb,ZAG,381.0,EUR,1,AF1195 LIS-CDG 18:50-22:20 / AF1160 CDG-ZAG 09:45-11:40,1,2026-09-09T08:49:51+01:00,https://www.google.com/travel/flights/search?tfs=Gh4SCjIwMjYtMDktMjUoAUAQagUSA0xJU3IFEgNaQUcaHhIKMjAyNi0wOS0yOCgBQBBqBRIDWkFHcgUSA0xJU0IBAUgBiAEBmAEB&hl=en&gl=PT&curr=EUR
25–28 Sep,23,Bergen,BGO,390.0,EUR,1,AF1195 LIS-CDG 18:50-22:20 / AF1252 CDG-BGO 09:05-11:20,1,2026-09-09T08:49:54+01:00,https://www.google.com/travel/flights/search?tfs=Gh4SCjIwMjYtMDktMjUoAUAQagUSA0xJU3IFEgNCR08aHhIKMjAyNi0wOS0yOCgBQBBqBRIDQkdPcgUSA0xJU0IBAUgBiAEBmAEB&hl=en&gl=PT&curr=EUR
25–28 Sep,24,Billund,BLL,429.0,EUR,1,AF1195 LIS-CDG 18:50-22:20 / AF1762 CDG-BLL 09:35-11:20,1,2026-09-09T08:49:53+01:00,https://www.google.com/travel/flights/search?tfs=Gh4SCjIwMjYtMDktMjUoAUAQagUSA0xJU3IFEgNCTEwaHhIKMjAyNi0wOS0yOCgBQBBqBRIDQkxMcgUSA0xJU0IBAUgBiAEBmAEB&hl=en&gl=PT&curr=EUR
25–28 Sep,25,Glasgow,GLA,647.0,EUR,1,BA505 LIS-LHR 16:30-19:15 / BA1498 LHR-GLA 21:15-22:30,1,2026-09-09T08:49:51+01:00,https://www.google.com/travel/flights/search?tfs=Gh4SCjIwMjYtMDktMjUoAUAQagUSA0xJU3IFEgNHTEEaHhIKMjAyNi0wOS0yOCgBQBBqBRIDR0xBcgUSA0xJU0IBAUgBiAEBmAEB&hl=en&gl=PT&curr=EUR
25–28 Sep,26,Genoa / Cinque Terre,GOA,775.0,EUR,1,TP556 LIS-MUC 19:15-23:20 / EN8294 MUC-GOA 11:20-12:35,1,2026-09-09T08:49:49+01:00,https://www.google.com/travel/flights/search?tfs=Gh4SCjIwMjYtMDktMjUoAUAQagUSA0xJU3IFEgNHT0EaHhIKMjAyNi0wOS0yOCgBQBBqBRIDR09BcgUSA0xJU0IBAUgBiAEBmAEB&hl=en&gl=PT&curr=EUR
25–28 Sep,27,Rovaniemi,RVN,812.0,EUR,1,AY1740 LIS-HEL 16:35-23:10 / AY531 HEL-RVN 07:05-08:20,1,2026-09-09T08:49:49+01:00,https://www.google.com/travel/flights/search?tfs=Gh4SCjIwMjYtMDktMjUoAUAQagUSA0xJU3IFEgNSVk4aHhIKMjAyNi0wOS0yOCgBQBBqBRIDUlZOcgUSA0xJU0IBAUgBiAEBmAEB&hl=en&gl=PT&curr=EUR
25–28 Sep,28,Pisa / Cinque Terre,PSA,844.0,EUR,1,LH1169 LIS-FRA 16:25-20:30 / EN8870 FRA-PSA 08:05-09:40,1,2026-09-09T08:49:49+01:00,https://www.google.com/travel/flights/search?tfs=Gh4SCjIwMjYtMDktMjUoAUAQagUSA0xJU3IFEgNQU0EaHhIKMjAyNi0wOS0yOCgBQBBqBRIDUFNBcgUSA0xJU0IBAUgBiAEBmAEB&hl=en&gl=PT&curr=EUR
25–28 Sep,29,London Stansted,STN,909.0,EUR,1,TP556 LIS-MUC 19:15-23:20 / LH2694 MUC-STN 08:25-09:25,1,2026-09-09T08:49:54+01:00,https://www.google.com/travel/flights/search?tfs=Gh4SCjIwMjYtMDktMjUoAUAQagUSA0xJU3IFEgNTVE4aHhIKMjAyNi0wOS0yOCgBQBBqBRIDU1ROcgUSA0xJU0IBAUgBiAEBmAEB&hl=en&gl=PT&curr=EUR
25–28 Sep,30,Shannon / Cliffs of Moher,SNN,1195.0,EUR,1,BA505 LIS-LHR 16:30-19:15 / EI381 LHR-SNN 09:50-11:20,1,2026-09-09T08:49:47+01:00,https://www.google.com/travel/flights/search?tfs=Gh4SCjIwMjYtMDktMjUoAUAQagUSA0xJU3IFEgNTTk4aHhIKMjAyNi0wOS0yOCgBQBBqBRIDU05OcgUSA0xJU0IBAUgBiAEBmAEB&hl=en&gl=PT&curr=EUR
25–28 Sep,31,Reykjavík,KEF,1736.0,EUR,1,TP1907 LIS-FAO 23:00-23:50 / FI959 FAO-KEF 16:30-20:05,1,2026-09-09T08:49:48+01:00,https://www.google.com/travel/flights/search?tfs=Gh4SCjIwMjYtMDktMjUoAUAQagUSA0xJU3IFEgNLRUYaHhIKMjAyNi0wOS0yOCgBQBBqBRIDS0VGcgUSA0xJU0IBAUgBiAEBmAEB&hl=en&gl=PT&curr=EUR
2–5 Oct,1,Nice,NCE,184.0,EUR,1,LX2087 LIS-ZRH 18:20-22:15 / LX562 ZRH-NCE 07:05-08:15,1,2026-09-09T08:49:55+01:00,https://www.google.com/travel/flights/search?tfs=Gh4SCjIwMjYtMTAtMDIoAUAQagUSA0xJU3IFEgNOQ0UaHhIKMjAyNi0xMC0wNSgBQBBqBRIDTkNFcgUSA0xJU0IBAUgBiAEBmAEB&hl=en&gl=PT&curr=EUR
2–5 Oct,2,Berlin,BER,244.0,EUR,1,LX2087 LIS-ZRH 18:20-22:15 / LX974 ZRH-BER 07:10-08:35,1,2026-09-09T08:50:00+01:00,https://www.google.com/travel/flights/search?tfs=Gh4SCjIwMjYtMTAtMDIoAUAQagUSA0xJU3IFEgNCRVIaHhIKMjAyNi0xMC0wNSgBQBBqBRIDQkVScgUSA0xJU0IBAUgBiAEBmAEB&hl=en&gl=PT&curr=EUR
2–5 Oct,3,London Luton,LTN,286.0,EUR,1,U22464 LIS-LTN 21:50-00:25,0,2026-09-09T08:50:02+01:00,https://www.google.com/travel/flights/search?tfs=Gh4SCjIwMjYtMTAtMDIoAUAQagUSA0xJU3IFEgNMVE4aHhIKMjAyNi0xMC0wNSgBQBBqBRIDTFROcgUSA0xJU0IBAUgBiAEBmAEB&hl=en&gl=PT&curr=EUR
2–5 Oct,4,Naples,NAP,288.0,EUR,1,LX2087 LIS-ZRH 18:20-22:15 / LX1712 ZRH-NAP 07:00-08:40,1,2026-09-09T08:49:59+01:00,https://www.google.com/travel/flights/search?tfs=Gh4SCjIwMjYtMTAtMDIoAUAQagUSA0xJU3IFEgNOQVAaHhIKMjAyNi0xMC0wNSgBQBBqBRIDTkFQcgUSA0xJU0IBAUgBiAEBmAEB&hl=en&gl=PT&curr=EUR
2–5 Oct,5,Dublin,DUB,308.0,EUR,1,FR7137 LIS-DUB 22:30-01:15,0,2026-09-09T08:49:55+01:00,https://www.google.com/travel/flights/search?tfs=Gh4SCjIwMjYtMTAtMDIoAUAQagUSA0xJU3IFEgNEVUIaHhIKMjAyNi0xMC0wNSgBQBBqBRIDRFVCcgUSA0xJU0IBAUgBiAEBmAEB&hl=en&gl=PT&curr=EUR
2–5 Oct,6,Milan Malpensa,MXP,309.0,EUR,1,LX2087 LIS-ZRH 18:20-22:15 / LX1622 ZRH-MXP 17:40-18:35,1,2026-09-09T08:49:58+01:00,https://www.google.com/travel/flights/search?tfs=Gh4SCjIwMjYtMTAtMDIoAUAQagUSA0xJU3IFEgNNWFAaHhIKMjAyNi0xMC0wNSgBQBBqBRIDTVhQcgUSA0xJU0IBAUgBiAEBmAEB&hl=en&gl=PT&curr=EUR
2–5 Oct,7,Venice,VCE,322.0,EUR,1,VY8465 LIS-BCN 22:10-01:05 / VY6402 BCN-VCE 12:45-14:35,1,2026-09-09T08:49:59+01:00,https://www.google.com/travel/flights/search?tfs=Gh4SCjIwMjYtMTAtMDIoAUAQagUSA0xJU3IFEgNWQ0UaHhIKMjAyNi0xMC0wNSgBQBBqBRIDVkNFcgUSA0xJU0IBAUgBiAEBmAEB&hl=en&gl=PT&curr=EUR
2–5 Oct,8,Prague,PRG,325.0,EUR,1,LX2087 LIS-ZRH 18:20-22:15 / LX1484 ZRH-PRG 07:20-08:40,1,2026-09-09T08:50:01+01:00,https://www.google.com/travel/flights/search?tfs=Gh4SCjIwMjYtMTAtMDIoAUAQagUSA0xJU3IFEgNQUkcaHhIKMjAyNi0xMC0wNSgBQBBqBRIDUFJHcgUSA0xJU0IBAUgBiAEBmAEB&hl=en&gl=PT&curr=EUR
2–5 Oct,9,Rome,FCO,329.0,EUR,1,VY8465 LIS-BCN 22:10-01:05 / VY6106 BCN-FCO 07:55-09:45,1,2026-09-09T08:49:58+01:00,https://www.google.com/travel/flights/search?tfs=Gh4SCjIwMjYtMTAtMDIoAUAQagUSA0xJU3IFEgNGQ08aHhIKMjAyNi0xMC0wNSgBQBBqBRIDRkNPcgUSA0xJU0IBAUgBiAEBmAEB&hl=en&gl=PT&curr=EUR
2–5 Oct,10,London Gatwick,LGW,332.0,EUR,1,U28518 LIS-LGW 20:45-23:30,0,2026-09-09T08:50:02+01:00,https://www.google.com/travel/flights/search?tfs=Gh4SCjIwMjYtMTAtMDIoAUAQagUSA0xJU3IFEgNMR1caHhIKMjAyNi0xMC0wNSgBQBBqBRIDTEdXcgUSA0xJU0IBAUgBiAEBmAEB&hl=en&gl=PT&curr=EUR
2–5 Oct,11,Bologna,BLQ,342.0,EUR,1,VY8465 LIS-BCN 22:10-01:05 / VY6524 BCN-BLQ 06:25-08:05,1,2026-09-09T08:49:59+01:00,https://www.google.com/travel/flights/search?tfs=Gh4SCjIwMjYtMTAtMDIoAUAQagUSA0xJU3IFEgNCTFEaHhIKMjAyNi0xMC0wNSgBQBBqBRIDQkxRcgUSA0xJU0IBAUgBiAEBmAEB&hl=en&gl=PT&curr=EUR
2–5 Oct,12,Marrakech,RAK,347.0,EUR,1,AT983 LIS-CMN 18:40-19:05 / AT401 CMN-RAK 20:50-21:40,1,2026-09-09T08:49:56+01:00,https://www.google.com/travel/flights/search?tfs=Gh4SCjIwMjYtMTAtMDIoAUAQagUSA0xJU3IFEgNSQUsaHhIKMjAyNi0xMC0wNSgBQBBqBRIDUkFLcgUSA0xJU0IBAUgBiAEBmAEB&hl=en&gl=PT&curr=EUR
2–5 Oct,13,Agadir,AGA,347.0,EUR,1,AT983 LIS-CMN 18:40-19:05 / AT429 CMN-AGA 20:50-22:15,1,2026-09-09T08:49:57+01:00,https://www.google.com/travel/flights/search?tfs=Gh4SCjIwMjYtMTAtMDIoAUAQagUSA0xJU3IFEgNBR0EaHhIKMjAyNi0xMC0wNSgBQBBqBRIDQUdBcgUSA0xJU0IBAUgBiAEBmAEB&hl=en&gl=PT&curr=EUR
2–5 Oct,14,Copenhagen,CPH,371.0,EUR,1,KL1586 LIS-AMS 19:45-23:40 / KL1267 AMS-CPH 07:10-08:30,1,2026-09-09T08:50:01+01:00,https://www.google.com/travel/flights/search?tfs=Gh4SCjIwMjYtMTAtMDIoAUAQagUSA0xJU3IFEgNDUEgaHhIKMjAyNi0xMC0wNSgBQBBqBRIDQ1BIcgUSA0xJU0IBAUgBiAEBmAEB&hl=en&gl=PT&curr=EUR
2–5 Oct,15,London Heathrow,LHR,389.0,EUR,1,KL1586 LIS-AMS 19:45-23:40 / KL1001 AMS-LHR 07:20-07:40,1,2026-09-09T08:50:02+01:00,https://www.google.com/travel/flights/search?tfs=Gh4SCjIwMjYtMTAtMDIoAUAQagUSA0xJU3IFEgNMSFIaHhIKMjAyNi0xMC0wNSgBQBBqBRIDTEhScgUSA0xJU0IBAUgBiAEBmAEB&hl=en&gl=PT&curr=EUR
2–5 Oct,16,Billund,BLL,400.0,EUR,1,AF1195 LIS-CDG 18:50-22:20 / AF1762 CDG-BLL 09:35-11:20,1,2026-09-09T08:50:01+01:00,https://www.google.com/travel/flights/search?tfs=Gh4SCjIwMjYtMTAtMDIoAUAQagUSA0xJU3IFEgNCTEwaHhIKMjAyNi0xMC0wNSgBQBBqBRIDQkxMcgUSA0xJU0IBAUgBiAEBmAEB&hl=en&gl=PT&curr=EUR
2–5 Oct,17,Madeira,FNC,437.0,EUR,1,TP1697 LIS-FNC 23:40-01:30,0,2026-09-09T08:49:55+01:00,https://www.google.com/travel/flights/search?tfs=Gh4SCjIwMjYtMTAtMDIoAUAQagUSA0xJU3IFEgNGTkMaHhIKMjAyNi0xMC0wNSgBQBBqBRIDRk5DcgUSA0xJU0IBAUgBiAEBmAEB&hl=en&gl=PT&curr=EUR
2–5 Oct,18,Bergen,BGO,451.0,EUR,1,KL1586 LIS-AMS 19:45-23:40 / KL1163 AMS-BGO 08:20-10:00,1,2026-09-09T08:50:03+01:00,https://www.google.com/travel/flights/search?tfs=Gh4SCjIwMjYtMTAtMDIoAUAQagUSA0xJU3IFEgNCR08aHhIKMjAyNi0xMC0wNSgBQBBqBRIDQkdPcgUSA0xJU0IBAUgBiAEBmAEB&hl=en&gl=PT&curr=EUR
2–5 Oct,19,Split,SPU,457.0,EUR,1,LX2087 LIS-ZRH 18:20-22:15 / WK438 ZRH-SPU 11:30-13:00,1,2026-09-09T08:50:00+01:00,https://www.google.com/travel/flights/search?tfs=Gh4SCjIwMjYtMTAtMDIoAUAQagUSA0xJU3IFEgNTUFUaHhIKMjAyNi0xMC0wNSgBQBBqBRIDU1BVcgUSA0xJU0IBAUgBiAEBmAEB&hl=en&gl=PT&curr=EUR
2–5 Oct,20,Dubrovnik,DBV,515.0,EUR,1,LX2087 LIS-ZRH 18:20-22:15 / LX2266 ZRH-DBV 17:00-18:40,1,2026-09-09T08:50:01+01:00,https://www.google.com/travel/flights/search?tfs=Gh4SCjIwMjYtMTAtMDIoAUAQagUSA0xJU3IFEgNEQlYaHhIKMjAyNi0xMC0wNSgBQBBqBRIDREJWcgUSA0xJU0IBAUgBiAEBmAEB&hl=en&gl=PT&curr=EUR
2–5 Oct,21,Glasgow,GLA,536.0,EUR,1,KL1586 LIS-AMS 19:45-23:40 / KL937 AMS-GLA 09:10-09:40,1,2026-09-09T08:50:00+01:00,https://www.google.com/travel/flights/search?tfs=Gh4SCjIwMjYtMTAtMDIoAUAQagUSA0xJU3IFEgNHTEEaHhIKMjAyNi0xMC0wNSgBQBBqBRIDR0xBcgUSA0xJU0IBAUgBiAEBmAEB&hl=en&gl=PT&curr=EUR
2–5 Oct,22,Oslo,OSL,548.0,EUR,1,KL1586 LIS-AMS 19:45-23:40 / KL1197 AMS-OSL 07:00-08:40,1,2026-09-09T08:50:03+01:00,https://www.google.com/travel/flights/search?tfs=Gh4SCjIwMjYtMTAtMDIoAUAQagUSA0xJU3IFEgNPU0waHhIKMjAyNi0xMC0wNSgBQBBqBRIDT1NMcgUSA0xJU0IBAUgBiAEBmAEB&hl=en&gl=PT&curr=EUR
2–5 Oct,23,Edinburgh,EDI,548.0,EUR,1,KL1586 LIS-AMS 19:45-23:40 / KL923 AMS-EDI 08:05-08:30,1,2026-09-09T08:49:59+01:00,https://www.google.com/travel/flights/search?tfs=Gh4SCjIwMjYtMTAtMDIoAUAQagUSA0xJU3IFEgNFREkaHhIKMjAyNi0xMC0wNSgBQBBqBRIDRURJcgUSA0xJU0IBAUgBiAEBmAEB&hl=en&gl=PT&curr=EUR
2–5 Oct,24,Zagreb,ZAG,564.0,EUR,1,AF1195 LIS-CDG 18:50-22:20 / AF1160 CDG-ZAG 09:45-11:40,1,2026-09-09T08:50:00+01:00,https://www.google.com/travel/flights/search?tfs=Gh4SCjIwMjYtMTAtMDIoAUAQagUSA0xJU3IFEgNaQUcaHhIKMjAyNi0xMC0wNSgBQBBqBRIDWkFHcgUSA0xJU0IBAUgBiAEBmAEB&hl=en&gl=PT&curr=EUR
2–5 Oct,25,Casablanca,CMN,647.0,EUR,1,AF1195 LIS-CDG 18:50-22:20 / AF1896 CDG-CMN 07:05-08:15,1,2026-09-09T08:49:56+01:00,https://www.google.com/travel/flights/search?tfs=Gh4SCjIwMjYtMTAtMDIoAUAQagUSA0xJU3IFEgNDTU4aHhIKMjAyNi0xMC0wNSgBQBBqBRIDQ01OcgUSA0xJU0IBAUgBiAEBmAEB&hl=en&gl=PT&curr=EUR
2–5 Oct,26,Genoa / Cinque Terre,GOA,773.0,EUR,1,TP556 LIS-MUC 19:15-23:20 / EN8294 MUC-GOA 11:20-12:35,1,2026-09-09T08:49:58+01:00,https://www.google.com/travel/flights/search?tfs=Gh4SCjIwMjYtMTAtMDIoAUAQagUSA0xJU3IFEgNHT0EaHhIKMjAyNi0xMC0wNSgBQBBqBRIDR09BcgUSA0xJU0IBAUgBiAEBmAEB&hl=en&gl=PT&curr=EUR
2–5 Oct,27,Pisa / Cinque Terre,PSA,847.0,EUR,1,LH1169 LIS-FRA 16:25-20:30 / EN8870 FRA-PSA 08:05-09:40,1,2026-09-09T08:49:58+01:00,https://www.google.com/travel/flights/search?tfs=Gh4SCjIwMjYtMTAtMDIoAUAQagUSA0xJU3IFEgNQU0EaHhIKMjAyNi0xMC0wNSgBQBBqBRIDUFNBcgUSA0xJU0IBAUgBiAEBmAEB&hl=en&gl=PT&curr=EUR
2–5 Oct,28,Rovaniemi,RVN,966.0,EUR,1,AY1740 LIS-HEL 16:35-23:10 / AY531 HEL-RVN 07:05-08:20,1,2026-09-09T08:49:57+01:00,https://www.google.com/travel/flights/search?tfs=Gh4SCjIwMjYtMTAtMDIoAUAQagUSA0xJU3IFEgNSVk4aHhIKMjAyNi0xMC0wNSgBQBBqBRIDUlZOcgUSA0xJU0IBAUgBiAEBmAEB&hl=en&gl=PT&curr=EUR
2–5 Oct,29,Shannon / Cliffs of Moher,SNN,1167.0,EUR,1,BA505 LIS-LHR 16:30-19:15 / EI381 LHR-SNN 09:50-11:20,1,2026-09-09T08:49:56+01:00,https://www.google.com/travel/flights/search?tfs=Gh4SCjIwMjYtMTAtMDIoAUAQagUSA0xJU3IFEgNTTk4aHhIKMjAyNi0xMC0wNSgBQBBqBRIDU05OcgUSA0xJU0IBAUgBiAEBmAEB&hl=en&gl=PT&curr=EUR
2–5 Oct,30,Reykjavík,KEF,2102.0,EUR,1,AY1740 LIS-HEL 16:35-23:10 / AY991 HEL-KEF 07:10-07:50,1,2026-09-09T08:49:57+01:00,https://www.google.com/travel/flights/search?tfs=Gh4SCjIwMjYtMTAtMDIoAUAQagUSA0xJU3IFEgNLRUYaHhIKMjAyNi0xMC0wNSgBQBBqBRIDS0VGcgUSA0xJU0IBAUgBiAEBmAEB&hl=en&gl=PT&curr=EUR
9–12 Oct,1,London Luton,LTN,103.0,EUR,1,U22464 LIS-LTN 21:50-00:25,0,2026-09-09T08:50:11+01:00,https://www.google.com/travel/flights/search?tfs=Gh4SCjIwMjYtMTAtMDkoAUAQagUSA0xJU3IFEgNMVE4aHhIKMjAyNi0xMC0xMigBQBBqBRIDTFROcgUSA0xJU0IBAUgBiAEBmAEB&hl=en&gl=PT&curr=EUR
9–12 Oct,2,London Gatwick,LGW,123.0,EUR,1,U28518 LIS-LGW 20:45-23:30,0,2026-09-09T08:50:11+01:00,https://www.google.com/travel/flights/search?tfs=Gh4SCjIwMjYtMTAtMDkoAUAQagUSA0xJU3IFEgNMR1caHhIKMjAyNi0xMC0xMigBQBBqBRIDTEdXcgUSA0xJU0IBAUgBiAEBmAEB&hl=en&gl=PT&curr=EUR
9–12 Oct,3,Dublin,DUB,127.0,EUR,1,FR7137 LIS-DUB 22:30-01:15,0,2026-09-09T08:50:04+01:00,https://www.google.com/travel/flights/search?tfs=Gh4SCjIwMjYtMTAtMDkoAUAQagUSA0xJU3IFEgNEVUIaHhIKMjAyNi0xMC0xMigBQBBqBRIDRFVCcgUSA0xJU0IBAUgBiAEBmAEB&hl=en&gl=PT&curr=EUR
9–12 Oct,4,Madeira,FNC,140.0,EUR,1,U27627 LIS-FNC 18:30-20:20,0,2026-09-09T08:50:04+01:00,https://www.google.com/travel/flights/search?tfs=Gh4SCjIwMjYtMTAtMDkoAUAQagUSA0xJU3IFEgNGTkMaHhIKMjAyNi0xMC0xMigBQBBqBRIDRk5DcgUSA0xJU0IBAUgBiAEBmAEB&hl=en&gl=PT&curr=EUR
9–12 Oct,5,Nice,NCE,152.0,EUR,1,U27611 LIS-NCE 16:55-20:20,0,2026-09-09T08:50:04+01:00,https://www.google.com/travel/flights/search?tfs=Gh4SCjIwMjYtMTAtMDkoAUAQagUSA0xJU3IFEgNOQ0UaHhIKMjAyNi0xMC0xMigBQBBqBRIDTkNFcgUSA0xJU0IBAUgBiAEBmAEB&hl=en&gl=PT&curr=EUR
9–12 Oct,6,Milan Malpensa,MXP,157.0,EUR,1,U27673 LIS-MXP 17:00-20:40,0,2026-09-09T08:50:06+01:00,https://www.google.com/travel/flights/search?tfs=Gh4SCjIwMjYtMTAtMDkoAUAQagUSA0xJU3IFEgNNWFAaHhIKMjAyNi0xMC0xMigBQBBqBRIDTVhQcgUSA0xJU0IBAUgBiAEBmAEB&hl=en&gl=PT&curr=EUR
9–12 Oct,7,Rome,FCO,160.0,EUR,1,W46220 LIS-FCO 21:15-01:10,0,2026-09-09T08:50:07+01:00,https://www.google.com/travel/flights/search?tfs=Gh4SCjIwMjYtMTAtMDkoAUAQagUSA0xJU3IFEgNGQ08aHhIKMjAyNi0xMC0xMigBQBBqBRIDRkNPcgUSA0xJU0IBAUgBiAEBmAEB&hl=en&gl=PT&curr=EUR
9–12 Oct,8,London Heathrow,LHR,212.0,EUR,1,TP1366 LIS-LHR 20:10-22:55,0,2026-09-09T08:50:10+01:00,https://www.google.com/travel/flights/search?tfs=Gh4SCjIwMjYtMTAtMDkoAUAQagUSA0xJU3IFEgNMSFIaHhIKMjAyNi0xMC0xMigBQBBqBRIDTEhScgUSA0xJU0IBAUgBiAEBmAEB&hl=en&gl=PT&curr=EUR
9–12 Oct,9,Berlin,BER,239.0,EUR,1,SN3820 LIS-BRU 19:55-23:40 / SN2591 BRU-BER 20:50-22:15,1,2026-09-09T08:50:08+01:00,https://www.google.com/travel/flights/search?tfs=Gh4SCjIwMjYtMTAtMDkoAUAQagUSA0xJU3IFEgNCRVIaHhIKMjAyNi0xMC0xMigBQBBqBRIDQkVScgUSA0xJU0IBAUgBiAEBmAEB&hl=en&gl=PT&curr=EUR
9–12 Oct,10,Bologna,BLQ,252.0,EUR,1,AF1195 LIS-CDG 18:50-22:20 / AF1228 CDG-BLQ 07:20-09:00,1,2026-09-09T08:50:07+01:00,https://www.google.com/travel/flights/search?tfs=Gh4SCjIwMjYtMTAtMDkoAUAQagUSA0xJU3IFEgNCTFEaHhIKMjAyNi0xMC0xMigBQBBqBRIDQkxRcgUSA0xJU0IBAUgBiAEBmAEB&hl=en&gl=PT&curr=EUR
9–12 Oct,11,Venice,VCE,277.0,EUR,1,VY8465 LIS-BCN 22:10-01:05 / VY6402 BCN-VCE 12:45-14:35,1,2026-09-09T08:50:07+01:00,https://www.google.com/travel/flights/search?tfs=Gh4SCjIwMjYtMTAtMDkoAUAQagUSA0xJU3IFEgNWQ0UaHhIKMjAyNi0xMC0xMigBQBBqBRIDVkNFcgUSA0xJU0IBAUgBiAEBmAEB&hl=en&gl=PT&curr=EUR
9–12 Oct,12,Prague,PRG,289.0,EUR,1,SN3820 LIS-BRU 19:55-23:40 / SN2809 BRU-PRG 09:30-11:00,1,2026-09-09T08:50:10+01:00,https://www.google.com/travel/flights/search?tfs=Gh4SCjIwMjYtMTAtMDkoAUAQagUSA0xJU3IFEgNQUkcaHhIKMjAyNi0xMC0xMigBQBBqBRIDUFJHcgUSA0xJU0IBAUgBiAEBmAEB&hl=en&gl=PT&curr=EUR
9–12 Oct,13,Dubrovnik,DBV,290.0,EUR,1,VY8465 LIS-BCN 22:10-01:05 / VY7720 BCN-DBV 12:05-14:25,1,2026-09-09T08:50:09+01:00,https://www.google.com/travel/flights/search?tfs=Gh4SCjIwMjYtMTAtMDkoAUAQagUSA0xJU3IFEgNEQlYaHhIKMjAyNi0xMC0xMigBQBBqBRIDREJWcgUSA0xJU0IBAUgBiAEBmAEB&hl=en&gl=PT&curr=EUR
9–12 Oct,14,Casablanca,CMN,296.0,EUR,1,AF1195 LIS-CDG 18:50-22:20 / AF1896 CDG-CMN 07:05-08:15,1,2026-09-09T08:50:05+01:00,https://www.google.com/travel/flights/search?tfs=Gh4SCjIwMjYtMTAtMDkoAUAQagUSA0xJU3IFEgNDTU4aHhIKMjAyNi0xMC0xMigBQBBqBRIDQ01OcgUSA0xJU0IBAUgBiAEBmAEB&hl=en&gl=PT&curr=EUR
9–12 Oct,15,Copenhagen,CPH,299.0,EUR,1,SN3820 LIS-BRU 19:55-23:40 / SN2265 BRU-CPH 21:05-22:35,1,2026-09-09T08:50:10+01:00,https://www.google.com/travel/flights/search?tfs=Gh4SCjIwMjYtMTAtMDkoAUAQagUSA0xJU3IFEgNDUEgaHhIKMjAyNi0xMC0xMigBQBBqBRIDQ1BIcgUSA0xJU0IBAUgBiAEBmAEB&hl=en&gl=PT&curr=EUR
9–12 Oct,16,Marrakech,RAK,326.0,EUR,1,AT983 LIS-CMN 18:40-19:05 / AT401 CMN-RAK 20:50-21:55,1,2026-09-09T08:50:04+01:00,https://www.google.com/travel/flights/search?tfs=Gh4SCjIwMjYtMTAtMDkoAUAQagUSA0xJU3IFEgNSQUsaHhIKMjAyNi0xMC0xMigBQBBqBRIDUkFLcgUSA0xJU0IBAUgBiAEBmAEB&hl=en&gl=PT&curr=EUR
9–12 Oct,17,Agadir,AGA,326.0,EUR,1,AT983 LIS-CMN 18:40-19:05 / AT431 CMN-AGA 22:15-23:15,1,2026-09-09T08:50:05+01:00,https://www.google.com/travel/flights/search?tfs=Gh4SCjIwMjYtMTAtMDkoAUAQagUSA0xJU3IFEgNBR0EaHhIKMjAyNi0xMC0xMigBQBBqBRIDQUdBcgUSA0xJU0IBAUgBiAEBmAEB&hl=en&gl=PT&curr=EUR
9–12 Oct,18,Oslo,OSL,351.0,EUR,1,KL1586 LIS-AMS 19:45-23:40 / KL1199 AMS-OSL 09:20-11:05,1,2026-09-09T08:50:11+01:00,https://www.google.com/travel/flights/search?tfs=Gh4SCjIwMjYtMTAtMDkoAUAQagUSA0xJU3IFEgNPU0waHhIKMjAyNi0xMC0xMigBQBBqBRIDT1NMcgUSA0xJU0IBAUgBiAEBmAEB&hl=en&gl=PT&curr=EUR
9–12 Oct,19,Naples,NAP,383.0,EUR,1,LX2087 LIS-ZRH 18:20-22:15 / LX1712 ZRH-NAP 07:00-08:40,1,2026-09-09T08:50:07+01:00,https://www.google.com/travel/flights/search?tfs=Gh4SCjIwMjYtMTAtMDkoAUAQagUSA0xJU3IFEgNOQVAaHhIKMjAyNi0xMC0xMigBQBBqBRIDTkFQcgUSA0xJU0IBAUgBiAEBmAEB&hl=en&gl=PT&curr=EUR
9–12 Oct,20,Billund,BLL,390.0,EUR,1,LH1169 LIS-FRA 16:25-20:30 / LH836 FRA-BLL 08:30-09:50,1,2026-09-09T08:50:10+01:00,https://www.google.com/travel/flights/search?tfs=Gh4SCjIwMjYtMTAtMDkoAUAQagUSA0xJU3IFEgNCTEwaHhIKMjAyNi0xMC0xMigBQBBqBRIDQkxMcgUSA0xJU0IBAUgBiAEBmAEB&hl=en&gl=PT&curr=EUR
9–12 Oct,21,Split,SPU,392.0,EUR,1,SN3820 LIS-BRU 19:55-23:40 / SN3353 BRU-SPU 12:10-14:10,1,2026-09-09T08:50:09+01:00,https://www.google.com/travel/flights/search?tfs=Gh4SCjIwMjYtMTAtMDkoAUAQagUSA0xJU3IFEgNTUFUaHhIKMjAyNi0xMC0xMigBQBBqBRIDU1BVcgUSA0xJU0IBAUgBiAEBmAEB&hl=en&gl=PT&curr=EUR
9–12 Oct,22,Edinburgh,EDI,401.0,EUR,1,KL1586 LIS-AMS 19:45-23:40 / KL923 AMS-EDI 08:05-08:30,1,2026-09-09T08:50:08+01:00,https://www.google.com/travel/flights/search?tfs=Gh4SCjIwMjYtMTAtMDkoAUAQagUSA0xJU3IFEgNFREkaHhIKMjAyNi0xMC0xMigBQBBqBRIDRURJcgUSA0xJU0IBAUgBiAEBmAEB&hl=en&gl=PT&curr=EUR
9–12 Oct,23,Glasgow,GLA,444.0,EUR,1,BA505 LIS-LHR 16:30-19:15 / BA1498 LHR-GLA 21:15-22:30,1,2026-09-09T08:50:08+01:00,https://www.google.com/travel/flights/search?tfs=Gh4SCjIwMjYtMTAtMDkoAUAQagUSA0xJU3IFEgNHTEEaHhIKMjAyNi0xMC0xMigBQBBqBRIDR0xBcgUSA0xJU0IBAUgBiAEBmAEB&hl=en&gl=PT&curr=EUR
9–12 Oct,24,Zagreb,ZAG,451.0,EUR,1,A3723 LIS-ATH 23:50-05:45 / A3780 ATH-ZAG 17:25-18:25,1,2026-09-09T08:50:09+01:00,https://www.google.com/travel/flights/search?tfs=Gh4SCjIwMjYtMTAtMDkoAUAQagUSA0xJU3IFEgNaQUcaHhIKMjAyNi0xMC0xMigBQBBqBRIDWkFHcgUSA0xJU0IBAUgBiAEBmAEB&hl=en&gl=PT&curr=EUR
9–12 Oct,25,Pisa / Cinque Terre,PSA,470.0,EUR,1,TP574 LIS-FRA 18:10-22:20 / EN8870 FRA-PSA 08:05-09:40,1,2026-09-09T08:50:06+01:00,https://www.google.com/travel/flights/search?tfs=Gh4SCjIwMjYtMTAtMDkoAUAQagUSA0xJU3IFEgNQU0EaHhIKMjAyNi0xMC0xMigBQBBqBRIDUFNBcgUSA0xJU0IBAUgBiAEBmAEB&hl=en&gl=PT&curr=EUR
9–12 Oct,26,Genoa / Cinque Terre,GOA,484.0,EUR,1,TP838 LIS-FCO 20:25-00:25 / AZ1383 FCO-GOA 09:25-10:35,1,2026-09-09T08:50:06+01:00,https://www.google.com/travel/flights/search?tfs=Gh4SCjIwMjYtMTAtMDkoAUAQagUSA0xJU3IFEgNHT0EaHhIKMjAyNi0xMC0xMigBQBBqBRIDR09BcgUSA0xJU0IBAUgBiAEBmAEB&hl=en&gl=PT&curr=EUR
9–12 Oct,27,Rovaniemi,RVN,559.0,EUR,1,AY1740 LIS-HEL 16:35-23:10 / AY531 HEL-RVN 07:05-08:20,1,2026-09-09T08:50:06+01:00,https://www.google.com/travel/flights/search?tfs=Gh4SCjIwMjYtMTAtMDkoAUAQagUSA0xJU3IFEgNSVk4aHhIKMjAyNi0xMC0xMigBQBBqBRIDUlZOcgUSA0xJU0IBAUgBiAEBmAEB&hl=en&gl=PT&curr=EUR
9–12 Oct,28,Bergen,BGO,561.0,EUR,1,AF1195 LIS-CDG 18:50-22:20 / AF1252 CDG-BGO 09:05-11:20,1,2026-09-09T08:50:11+01:00,https://www.google.com/travel/flights/search?tfs=Gh4SCjIwMjYtMTAtMDkoAUAQagUSA0xJU3IFEgNCR08aHhIKMjAyNi0xMC0xMigBQBBqBRIDQkdPcgUSA0xJU0IBAUgBiAEBmAEB&hl=en&gl=PT&curr=EUR
9–12 Oct,29,Shannon / Cliffs of Moher,SNN,628.0,EUR,1,BA507 LIS-LHR 18:55-21:40 / EI381 LHR-SNN 09:50-11:20,1,2026-09-09T08:50:04+01:00,https://www.google.com/travel/flights/search?tfs=Gh4SCjIwMjYtMTAtMDkoAUAQagUSA0xJU3IFEgNTTk4aHhIKMjAyNi0xMC0xMigBQBBqBRIDU05OcgUSA0xJU0IBAUgBiAEBmAEB&hl=en&gl=PT&curr=EUR
9–12 Oct,30,Reykjavík,KEF,1724.0,EUR,1,TP1907 LIS-FAO 23:00-23:50 / FI959 FAO-KEF 16:30-20:05,1,2026-09-09T08:50:05+01:00,https://www.google.com/travel/flights/search?tfs=Gh4SCjIwMjYtMTAtMDkoAUAQagUSA0xJU3IFEgNLRUYaHhIKMjAyNi0xMC0xMigBQBBqBRIDS0VGcgUSA0xJU0IBAUgBiAEBmAEB&hl=en&gl=PT&curr=EUR
16–19 Oct,1,Rome,FCO,156.0,EUR,1,W46220 LIS-FCO 21:15-01:10,0,2026-09-09T08:50:15+01:00,https://www.google.com/travel/flights/search?tfs=Gh4SCjIwMjYtMTAtMTYoAUAUagUSA0xJU3IFEgNGQ08aHhIKMjAyNi0xMC0xOSgBQBBqBRIDRkNPcgUSA0xJU0IBAUgBiAEBmAEB&hl=en&gl=PT&curr=EUR
16–19 Oct,2,Nice,NCE,159.0,EUR,1,TP484 LIS-NCE 20:35-00:05,0,2026-09-09T08:50:12+01:00,https://www.google.com/travel/flights/search?tfs=Gh4SCjIwMjYtMTAtMTYoAUAUagUSA0xJU3IFEgNOQ0UaHhIKMjAyNi0xMC0xOSgBQBBqBRIDTkNFcgUSA0xJU0IBAUgBiAEBmAEB&hl=en&gl=PT&curr=EUR
16–19 Oct,3,London Gatwick,LGW,162.0,EUR,1,U28518 LIS-LGW 20:45-23:30,0,2026-09-09T08:50:18+01:00,https://www.google.com/travel/flights/search?tfs=Gh4SCjIwMjYtMTAtMTYoAUAUagUSA0xJU3IFEgNMR1caHhIKMjAyNi0xMC0xOSgBQBBqBRIDTEdXcgUSA0xJU0IBAUgBiAEBmAEB&hl=en&gl=PT&curr=EUR
16–19 Oct,4,London Luton,LTN,178.0,EUR,1,U22464 LIS-LTN 21:50-00:25,0,2026-09-09T08:50:18+01:00,https://www.google.com/travel/flights/search?tfs=Gh4SCjIwMjYtMTAtMTYoAUAUagUSA0xJU3IFEgNMVE4aHhIKMjAyNi0xMC0xOSgBQBBqBRIDTFROcgUSA0xJU0IBAUgBiAEBmAEB&hl=en&gl=PT&curr=EUR
16–19 Oct,5,Milan Malpensa,MXP,198.0,EUR,1,VY8463 LIS-BCN 21:15-00:10 / VY6336 BCN-MXP 08:45-10:25,1,2026-09-09T08:50:15+01:00,https://www.google.com/travel/flights/search?tfs=Gh4SCjIwMjYtMTAtMTYoAUAUagUSA0xJU3IFEgNNWFAaHhIKMjAyNi0xMC0xOSgBQBBqBRIDTVhQcgUSA0xJU0IBAUgBiAEBmAEB&hl=en&gl=PT&curr=EUR
16–19 Oct,6,Madeira,FNC,199.0,EUR,1,TP1938 LIS-OPO 23:45-00:40 / TP1701 OPO-FNC 05:45-07:50,1,2026-09-09T08:50:12+01:00,https://www.google.com/travel/flights/search?tfs=Gh4SCjIwMjYtMTAtMTYoAUAUagUSA0xJU3IFEgNGTkMaHhIKMjAyNi0xMC0xOSgBQBBqBRIDRk5DcgUSA0xJU0IBAUgBiAEBmAEB&hl=en&gl=PT&curr=EUR
16–19 Oct,7,Venice,VCE,209.0,EUR,1,VY8463 LIS-BCN 21:15-00:10 / VY6408 BCN-VCE 10:00-11:50,1,2026-09-09T08:50:15+01:00,https://www.google.com/travel/flights/search?tfs=Gh4SCjIwMjYtMTAtMTYoAUAUagUSA0xJU3IFEgNWQ0UaHhIKMjAyNi0xMC0xOSgBQBBqBRIDVkNFcgUSA0xJU0IBAUgBiAEBmAEB&hl=en&gl=PT&curr=EUR
16–19 Oct,8,London Heathrow,LHR,230.0,EUR,1,VY8463 LIS-BCN 21:15-00:10 / VY6650 BCN-LHR 07:30-09:10,1,2026-09-09T08:50:18+01:00,https://www.google.com/travel/flights/search?tfs=Gh4SCjIwMjYtMTAtMTYoAUAUagUSA0xJU3IFEgNMSFIaHhIKMjAyNi0xMC0xOSgBQBBqBRIDTEhScgUSA0xJU0IBAUgBiAEBmAEB&hl=en&gl=PT&curr=EUR
16–19 Oct,9,Naples,NAP,318.0,EUR,1,VY8463 LIS-BCN 21:15-00:10 / VY6500 BCN-NAP 07:20-09:20,1,2026-09-09T08:50:15+01:00,https://www.google.com/travel/flights/search?tfs=Gh4SCjIwMjYtMTAtMTYoAUAUagUSA0xJU3IFEgNOQVAaHhIKMjAyNi0xMC0xOSgBQBBqBRIDTkFQcgUSA0xJU0IBAUgBiAEBmAEB&hl=en&gl=PT&curr=EUR
16–19 Oct,10,Prague,PRG,345.0,EUR,1,VY8463 LIS-BCN 21:15-00:10 / VY8652 BCN-PRG 07:45-10:15,1,2026-09-09T08:50:17+01:00,https://www.google.com/travel/flights/search?tfs=Gh4SCjIwMjYtMTAtMTYoAUAUagUSA0xJU3IFEgNQUkcaHhIKMjAyNi0xMC0xOSgBQBBqBRIDUFJHcgUSA0xJU0IBAUgBiAEBmAEB&hl=en&gl=PT&curr=EUR
16–19 Oct,11,Berlin,BER,376.0,EUR,1,EW603 LIS-CGN 21:05-01:05 / EW8051 CGN-BER 08:00-09:10,1,2026-09-09T08:50:16+01:00,https://www.google.com/travel/flights/search?tfs=Gh4SCjIwMjYtMTAtMTYoAUAUagUSA0xJU3IFEgNCRVIaHhIKMjAyNi0xMC0xOSgBQBBqBRIDQkVScgUSA0xJU0IBAUgBiAEBmAEB&hl=en&gl=PT&curr=EUR
16–19 Oct,12,Copenhagen,CPH,386.0,EUR,1,VY8463 LIS-BCN 21:15-00:10 / VY1870 BCN-CPH 07:40-10:40,1,2026-09-09T08:50:17+01:00,https://www.google.com/travel/flights/search?tfs=Gh4SCjIwMjYtMTAtMTYoAUAUagUSA0xJU3IFEgNDUEgaHhIKMjAyNi0xMC0xOSgBQBBqBRIDQ1BIcgUSA0xJU0IBAUgBiAEBmAEB&hl=en&gl=PT&curr=EUR
16–19 Oct,13,Dubrovnik,DBV,400.0,EUR,1,VY8463 LIS-BCN 21:15-00:10 / VY7720 BCN-DBV 12:05-14:25,1,2026-09-09T08:50:17+01:00,https://www.google.com/travel/flights/search?tfs=Gh4SCjIwMjYtMTAtMTYoAUAUagUSA0xJU3IFEgNEQlYaHhIKMjAyNi0xMC0xOSgBQBBqBRIDREJWcgUSA0xJU0IBAUgBiAEBmAEB&hl=en&gl=PT&curr=EUR
16–19 Oct,14,Split,SPU,424.0,EUR,1,TP646 LIS-BRU 20:05-23:55 / SN3353 BRU-SPU 12:10-14:10,1,2026-09-09T08:50:17+01:00,https://www.google.com/travel/flights/search?tfs=Gh4SCjIwMjYtMTAtMTYoAUAUagUSA0xJU3IFEgNTUFUaHhIKMjAyNi0xMC0xOSgBQBBqBRIDU1BVcgUSA0xJU0IBAUgBiAEBmAEB&hl=en&gl=PT&curr=EUR
16–19 Oct,15,Bologna,BLQ,439.0,EUR,1,TP838 LIS-FCO 20:25-00:25 / AZ1311 FCO-BLQ 09:15-10:20,1,2026-09-09T08:50:15+01:00,https://www.google.com/travel/flights/search?tfs=Gh4SCjIwMjYtMTAtMTYoAUAUagUSA0xJU3IFEgNCTFEaHhIKMjAyNi0xMC0xOSgBQBBqBRIDQkxRcgUSA0xJU0IBAUgBiAEBmAEB&hl=en&gl=PT&curr=EUR
16–19 Oct,16,Dublin,DUB,479.0,EUR,1,VY8463 LIS-BCN 21:15-00:10 / VY8720 BCN-DUB 07:20-09:10,1,2026-09-09T08:50:12+01:00,https://www.google.com/travel/flights/search?tfs=Gh4SCjIwMjYtMTAtMTYoAUAUagUSA0xJU3IFEgNEVUIaHhIKMjAyNi0xMC0xOSgBQBBqBRIDRFVCcgUSA0xJU0IBAUgBiAEBmAEB&hl=en&gl=PT&curr=EUR
16–19 Oct,17,Casablanca,CMN,499.0,EUR,1,IB538 LIS-MAD 20:45-23:10 / IB1355 MAD-CMN 11:00-10:55,1,2026-09-09T08:50:13+01:00,https://www.google.com/travel/flights/search?tfs=Gh4SCjIwMjYtMTAtMTYoAUAUagUSA0xJU3IFEgNDTU4aHhIKMjAyNi0xMC0xOSgBQBBqBRIDQ01OcgUSA0xJU0IBAUgBiAEBmAEB&hl=en&gl=PT&curr=EUR
16–19 Oct,18,Genoa / Cinque Terre,GOA,571.0,EUR,1,TP838 LIS-FCO 20:25-00:25 / AZ1383 FCO-GOA 09:25-10:35,1,2026-09-09T08:50:14+01:00,https://www.google.com/travel/flights/search?tfs=Gh4SCjIwMjYtMTAtMTYoAUAUagUSA0xJU3IFEgNHT0EaHhIKMjAyNi0xMC0xOSgBQBBqBRIDR09BcgUSA0xJU0IBAUgBiAEBmAEB&hl=en&gl=PT&curr=EUR
16–19 Oct,19,Marrakech,RAK,628.0,EUR,1,IB538 LIS-MAD 20:45-23:10 / IB1851 MAD-RAK 11:20-11:20,1,2026-09-09T08:50:13+01:00,https://www.google.com/travel/flights/search?tfs=Gh4SCjIwMjYtMTAtMTYoAUAUagUSA0xJU3IFEgNSQUsaHhIKMjAyNi0xMC0xOSgBQBBqBRIDUkFLcgUSA0xJU0IBAUgBiAEBmAEB&hl=en&gl=PT&curr=EUR
16–19 Oct,20,Oslo,OSL,902.0,EUR,1,IB538 LIS-MAD 20:45-23:10 / IB953 MAD-OSL 10:35-14:20,1,2026-09-09T08:50:19+01:00,https://www.google.com/travel/flights/search?tfs=Gh4SCjIwMjYtMTAtMTYoAUAUagUSA0xJU3IFEgNPU0waHhIKMjAyNi0xMC0xOSgBQBBqBRIDT1NMcgUSA0xJU0IBAUgBiAEBmAEB&hl=en&gl=PT&curr=EUR
16–19 Oct,21,Reykjavík,KEF,1143.0,EUR,1,TP1907 LIS-FAO 23:00-23:50 / FI959 FAO-KEF 16:30-20:05,1,2026-09-09T08:50:14+01:00,https://www.google.com/travel/flights/search?tfs=Gh4SCjIwMjYtMTAtMTYoAUAUagUSA0xJU3IFEgNLRUYaHhIKMjAyNi0xMC0xOSgBQBBqBRIDS0VGcgUSA0xJU0IBAUgBiAEBmAEB&hl=en&gl=PT&curr=EUR
16–19 Oct,22,Edinburgh,EDI,1356.0,EUR,1,TP646 LIS-BRU 20:05-23:55 / SN2063 BRU-EDI 12:35-13:15,1,2026-09-09T08:50:16+01:00,https://www.google.com/travel/flights/search?tfs=Gh4SCjIwMjYtMTAtMTYoAUAUagUSA0xJU3IFEgNFREkaHhIKMjAyNi0xMC0xOSgBQBBqBRIDRURJcgUSA0xJU0IBAUgBiAEBmAEB&hl=en&gl=PT&curr=EUR
23–25 Oct,1,London Stansted,STN,98.0,EUR,1,FR1885 LIS-STN 21:40-00:25,0,2026-09-09T08:50:27+01:00,https://www.google.com/travel/flights/search?tfs=Gh4SCjIwMjYtMTAtMjMoAUAQagUSA0xJU3IFEgNTVE4aHhIKMjAyNi0xMC0yNSgBQA5qBRIDU1ROcgUSA0xJU0IBAUgBiAEBmAEB&hl=en&gl=PT&curr=EUR
23–25 Oct,2,Madeira,FNC,107.0,EUR,1,FR88 LIS-FNC 17:30-19:20,0,2026-09-09T08:50:20+01:00,https://www.google.com/travel/flights/search?tfs=Gh4SCjIwMjYtMTAtMjMoAUAQagUSA0xJU3IFEgNGTkMaHhIKMjAyNi0xMC0yNSgBQA5qBRIDRk5DcgUSA0xJU0IBAUgBiAEBmAEB&hl=en&gl=PT&curr=EUR
23–25 Oct,3,Dublin,DUB,109.0,EUR,1,FR7137 LIS-DUB 22:30-01:15,0,2026-09-09T08:50:20+01:00,https://www.google.com/travel/flights/search?tfs=Gh4SCjIwMjYtMTAtMjMoAUAQagUSA0xJU3IFEgNEVUIaHhIKMjAyNi0xMC0yNSgBQA5qBRIDRFVCcgUSA0xJU0IBAUgBiAEBmAEB&hl=en&gl=PT&curr=EUR
23–25 Oct,4,Milan Malpensa,MXP,125.0,EUR,1,UX1160 LIS-MAD 20:05-22:20 / UX1065 MAD-MXP 07:40-09:45,1,2026-09-09T08:50:23+01:00,https://www.google.com/travel/flights/search?tfs=Gh4SCjIwMjYtMTAtMjMoAUAQagUSA0xJU3IFEgNNWFAaHhIKMjAyNi0xMC0yNSgBQA5qBRIDTVhQcgUSA0xJU0IBAUgBiAEBmAEB&hl=en&gl=PT&curr=EUR
23–25 Oct,5,Nice,NCE,141.0,EUR,1,U27611 LIS-NCE 16:55-20:20,0,2026-09-09T08:50:20+01:00,https://www.google.com/travel/flights/search?tfs=Gh4SCjIwMjYtMTAtMjMoAUAQagUSA0xJU3IFEgNOQ0UaHhIKMjAyNi0xMC0yNSgBQA5qBRIDTkNFcgUSA0xJU0IBAUgBiAEBmAEB&hl=en&gl=PT&curr=EUR
23–25 Oct,6,London Luton,LTN,143.0,EUR,1,U22464 LIS-LTN 21:10-23:45,0,2026-09-09T08:50:28+01:00,https://www.google.com/travel/flights/search?tfs=Gh4SCjIwMjYtMTAtMjMoAUAQagUSA0xJU3IFEgNMVE4aHhIKMjAyNi0xMC0yNSgBQA5qBRIDTFROcgUSA0xJU0IBAUgBiAEBmAEB&hl=en&gl=PT&curr=EUR
23–25 Oct,7,London Gatwick,LGW,147.0,EUR,1,U28518 LIS-LGW 20:45-23:30,0,2026-09-09T08:50:27+01:00,https://www.google.com/travel/flights/search?tfs=Gh4SCjIwMjYtMTAtMjMoAUAQagUSA0xJU3IFEgNMR1caHhIKMjAyNi0xMC0yNSgBQA5qBRIDTEdXcgUSA0xJU0IBAUgBiAEBmAEB&hl=en&gl=PT&curr=EUR
23–25 Oct,8,Rome,FCO,186.0,EUR,1,VY8465 LIS-BCN 22:10-01:05 / VY6110 BCN-FCO 09:50-11:40,1,2026-09-09T08:50:23+01:00,https://www.google.com/travel/flights/search?tfs=Gh4SCjIwMjYtMTAtMjMoAUAQagUSA0xJU3IFEgNGQ08aHhIKMjAyNi0xMC0yNSgBQA5qBRIDRkNPcgUSA0xJU0IBAUgBiAEBmAEB&hl=en&gl=PT&curr=EUR
23–25 Oct,9,Venice,VCE,197.0,EUR,1,VY8463 LIS-BCN 21:15-00:10 / VY6400 BCN-VCE 06:30-08:20,1,2026-09-09T08:50:24+01:00,https://www.google.com/travel/flights/search?tfs=Gh4SCjIwMjYtMTAtMjMoAUAQagUSA0xJU3IFEgNWQ0UaHhIKMjAyNi0xMC0yNSgBQA5qBRIDVkNFcgUSA0xJU0IBAUgBiAEBmAEB&hl=en&gl=PT&curr=EUR
23–25 Oct,10,London Heathrow,LHR,219.0,EUR,1,BA507 LIS-LHR 18:55-21:40,0,2026-09-09T08:50:27+01:00,https://www.google.com/travel/flights/search?tfs=Gh4SCjIwMjYtMTAtMjMoAUAQagUSA0xJU3IFEgNMSFIaHhIKMjAyNi0xMC0yNSgBQA5qBRIDTEhScgUSA0xJU0IBAUgBiAEBmAEB&hl=en&gl=PT&curr=EUR
23–25 Oct,11,Casablanca,CMN,244.0,EUR,1,AT983 LIS-CMN 18:40-19:05,0,2026-09-09T08:50:21+01:00,https://www.google.com/travel/flights/search?tfs=Gh4SCjIwMjYtMTAtMjMoAUAQagUSA0xJU3IFEgNDTU4aHhIKMjAyNi0xMC0yNSgBQA5qBRIDQ01OcgUSA0xJU0IBAUgBiAEBmAEB&hl=en&gl=PT&curr=EUR
23–25 Oct,12,Marrakech,RAK,246.0,EUR,1,AT983 LIS-CMN 18:40-19:05 / AT401 CMN-RAK 20:50-21:40,1,2026-09-09T08:50:21+01:00,https://www.google.com/travel/flights/search?tfs=Gh4SCjIwMjYtMTAtMjMoAUAQagUSA0xJU3IFEgNSQUsaHhIKMjAyNi0xMC0yNSgBQA5qBRIDUkFLcgUSA0xJU0IBAUgBiAEBmAEB&hl=en&gl=PT&curr=EUR
23–25 Oct,13,Agadir,AGA,246.0,EUR,1,AT983 LIS-CMN 18:40-19:05 / AT423 CMN-AGA 09:55-10:55,1,2026-09-09T08:50:22+01:00,https://www.google.com/travel/flights/search?tfs=Gh4SCjIwMjYtMTAtMjMoAUAQagUSA0xJU3IFEgNBR0EaHhIKMjAyNi0xMC0yNSgBQA5qBRIDQUdBcgUSA0xJU0IBAUgBiAEBmAEB&hl=en&gl=PT&curr=EUR
23–25 Oct,14,Berlin,BER,252.0,EUR,1,LX2087 LIS-ZRH 18:20-22:15 / LX974 ZRH-BER 07:10-08:35,1,2026-09-09T08:50:25+01:00,https://www.google.com/travel/flights/search?tfs=Gh4SCjIwMjYtMTAtMjMoAUAQagUSA0xJU3IFEgNCRVIaHhIKMjAyNi0xMC0yNSgBQA5qBRIDQkVScgUSA0xJU0IBAUgBiAEBmAEB&hl=en&gl=PT&curr=EUR
23–25 Oct,15,Naples,NAP,263.0,EUR,1,VY8463 LIS-BCN 21:15-00:10 / VY6500 BCN-NAP 07:20-09:20,1,2026-09-09T08:50:24+01:00,https://www.google.com/travel/flights/search?tfs=Gh4SCjIwMjYtMTAtMjMoAUAQagUSA0xJU3IFEgNOQVAaHhIKMjAyNi0xMC0yNSgBQA5qBRIDTkFQcgUSA0xJU0IBAUgBiAEBmAEB&hl=en&gl=PT&curr=EUR
23–25 Oct,16,Copenhagen,CPH,279.0,EUR,1,VY8463 LIS-BCN 21:15-00:10 / VY1870 BCN-CPH 07:40-10:40,1,2026-09-09T08:50:26+01:00,https://www.google.com/travel/flights/search?tfs=Gh4SCjIwMjYtMTAtMjMoAUAQagUSA0xJU3IFEgNDUEgaHhIKMjAyNi0xMC0yNSgBQA5qBRIDQ1BIcgUSA0xJU0IBAUgBiAEBmAEB&hl=en&gl=PT&curr=EUR
23–25 Oct,17,Prague,PRG,309.0,EUR,1,TP934 LIS-ZRH 18:40-22:30 / LX1484 ZRH-PRG 07:20-08:40,1,2026-09-09T08:50:26+01:00,https://www.google.com/travel/flights/search?tfs=Gh4SCjIwMjYtMTAtMjMoAUAQagUSA0xJU3IFEgNQUkcaHhIKMjAyNi0xMC0yNSgBQA5qBRIDUFJHcgUSA0xJU0IBAUgBiAEBmAEB&hl=en&gl=PT&curr=EUR
23–25 Oct,18,Zagreb,ZAG,350.0,EUR,1,TK1760 LIS-IST 16:45-23:30 / TK1057 IST-ZAG 11:55-13:05,1,2026-09-09T08:50:25+01:00,https://www.google.com/travel/flights/search?tfs=Gh4SCjIwMjYtMTAtMjMoAUAQagUSA0xJU3IFEgNaQUcaHhIKMjAyNi0xMC0yNSgBQA5qBRIDWkFHcgUSA0xJU0IBAUgBiAEBmAEB&hl=en&gl=PT&curr=EUR
23–25 Oct,19,Tromsø,TOS,351.0,EUR,1,LX2087 LIS-ZRH 18:20-22:15 / WK318 ZRH-TOS 06:30-10:15,1,2026-09-09T08:50:22+01:00,https://www.google.com/travel/flights/search?tfs=Gh4SCjIwMjYtMTAtMjMoAUAQagUSA0xJU3IFEgNUT1MaHhIKMjAyNi0xMC0yNSgBQA5qBRIDVE9TcgUSA0xJU0IBAUgBiAEBmAEB&hl=en&gl=PT&curr=EUR
23–25 Oct,20,Bologna,BLQ,371.0,EUR,1,AF1195 LIS-CDG 18:50-22:20 / AF1228 CDG-BLQ 07:20-09:00,1,2026-09-09T08:50:24+01:00,https://www.google.com/travel/flights/search?tfs=Gh4SCjIwMjYtMTAtMjMoAUAQagUSA0xJU3IFEgNCTFEaHhIKMjAyNi0xMC0yNSgBQA5qBRIDQkxRcgUSA0xJU0IBAUgBiAEBmAEB&hl=en&gl=PT&curr=EUR
23–25 Oct,21,Glasgow,GLA,380.0,EUR,1,BA505 LIS-LHR 16:30-19:15 / BA1498 LHR-GLA 21:15-22:30,1,2026-09-09T08:50:25+01:00,https://www.google.com/travel/flights/search?tfs=Gh4SCjIwMjYtMTAtMjMoAUAQagUSA0xJU3IFEgNHTEEaHhIKMjAyNi0xMC0yNSgBQA5qBRIDR0xBcgUSA0xJU0IBAUgBiAEBmAEB&hl=en&gl=PT&curr=EUR
23–25 Oct,22,Bergen,BGO,427.0,EUR,1,AF1195 LIS-CDG 18:50-22:20 / AF1252 CDG-BGO 09:05-11:20,1,2026-09-09T08:50:28+01:00,https://www.google.com/travel/flights/search?tfs=Gh4SCjIwMjYtMTAtMjMoAUAQagUSA0xJU3IFEgNCR08aHhIKMjAyNi0xMC0yNSgBQA5qBRIDQkdPcgUSA0xJU0IBAUgBiAEBmAEB&hl=en&gl=PT&curr=EUR
23–25 Oct,23,Rovaniemi,RVN,432.0,EUR,1,AY1740 LIS-HEL 16:35-23:10 / AY531 HEL-RVN 07:05-08:20,1,2026-09-09T08:50:22+01:00,https://www.google.com/travel/flights/search?tfs=Gh4SCjIwMjYtMTAtMjMoAUAQagUSA0xJU3IFEgNSVk4aHhIKMjAyNi0xMC0yNSgBQA5qBRIDUlZOcgUSA0xJU0IBAUgBiAEBmAEB&hl=en&gl=PT&curr=EUR
23–25 Oct,24,Billund,BLL,434.0,EUR,1,LH1169 LIS-FRA 16:25-20:30 / LH836 FRA-BLL 08:30-09:50,1,2026-09-09T08:50:27+01:00,https://www.google.com/travel/flights/search?tfs=Gh4SCjIwMjYtMTAtMjMoAUAQagUSA0xJU3IFEgNCTEwaHhIKMjAyNi0xMC0yNSgBQA5qBRIDQkxMcgUSA0xJU0IBAUgBiAEBmAEB&hl=en&gl=PT&curr=EUR
23–25 Oct,25,Oslo,OSL,443.0,EUR,1,TK1760 LIS-IST 16:45-23:30 / TK1751 IST-OSL 07:10-10:00,1,2026-09-09T08:50:28+01:00,https://www.google.com/travel/flights/search?tfs=Gh4SCjIwMjYtMTAtMjMoAUAQagUSA0xJU3IFEgNPU0waHhIKMjAyNi0xMC0yNSgBQA5qBRIDT1NMcgUSA0xJU0IBAUgBiAEBmAEB&hl=en&gl=PT&curr=EUR
23–25 Oct,26,Split,SPU,447.0,EUR,1,TP934 LIS-ZRH 18:40-22:30 / WK438 ZRH-SPU 11:30-13:00,1,2026-09-09T08:50:26+01:00,https://www.google.com/travel/flights/search?tfs=Gh4SCjIwMjYtMTAtMjMoAUAQagUSA0xJU3IFEgNTUFUaHhIKMjAyNi0xMC0yNSgBQA5qBRIDU1BVcgUSA0xJU0IBAUgBiAEBmAEB&hl=en&gl=PT&curr=EUR
23–25 Oct,27,Edinburgh,EDI,471.0,EUR,1,BA505 LIS-LHR 16:30-19:15 / BA1464 LHR-EDI 20:40-22:00,1,2026-09-09T08:50:24+01:00,https://www.google.com/travel/flights/search?tfs=Gh4SCjIwMjYtMTAtMjMoAUAQagUSA0xJU3IFEgNFREkaHhIKMjAyNi0xMC0yNSgBQA5qBRIDRURJcgUSA0xJU0IBAUgBiAEBmAEB&hl=en&gl=PT&curr=EUR
23–25 Oct,28,Shannon / Cliffs of Moher,SNN,553.0,EUR,1,BA507 LIS-LHR 18:55-21:40 / EI385 LHR-SNN 14:20-15:50,1,2026-09-09T08:50:21+01:00,https://www.google.com/travel/flights/search?tfs=Gh4SCjIwMjYtMTAtMjMoAUAQagUSA0xJU3IFEgNTTk4aHhIKMjAyNi0xMC0yNSgBQA5qBRIDU05OcgUSA0xJU0IBAUgBiAEBmAEB&hl=en&gl=PT&curr=EUR
23–25 Oct,29,Genoa / Cinque Terre,GOA,568.0,EUR,1,TP838 LIS-FCO 20:25-00:25 / AZ1383 FCO-GOA 09:25-10:35,1,2026-09-09T08:50:23+01:00,https://www.google.com/travel/flights/search?tfs=Gh4SCjIwMjYtMTAtMjMoAUAQagUSA0xJU3IFEgNHT0EaHhIKMjAyNi0xMC0yNSgBQA5qBRIDR09BcgUSA0xJU0IBAUgBiAEBmAEB&hl=en&gl=PT&curr=EUR
23–25 Oct,30,Dubrovnik,DBV,578.0,EUR,1,TP934 LIS-ZRH 18:40-22:30 / LX2266 ZRH-DBV 17:00-18:40,1,2026-09-09T08:50:26+01:00,https://www.google.com/travel/flights/search?tfs=Gh4SCjIwMjYtMTAtMjMoAUAQagUSA0xJU3IFEgNEQlYaHhIKMjAyNi0xMC0yNSgBQA5qBRIDREJWcgUSA0xJU0IBAUgBiAEBmAEB&hl=en&gl=PT&curr=EUR
23–25 Oct,31,Pisa / Cinque Terre,PSA,647.0,EUR,1,LH1169 LIS-FRA 16:25-20:30 / EN8870 FRA-PSA 08:05-09:40,1,2026-09-09T08:50:22+01:00,https://www.google.com/travel/flights/search?tfs=Gh4SCjIwMjYtMTAtMjMoAUAQagUSA0xJU3IFEgNQU0EaHhIKMjAyNi0xMC0yNSgBQA5qBRIDUFNBcgUSA0xJU0IBAUgBiAEBmAEB&hl=en&gl=PT&curr=EUR
23–25 Oct,32,Reykjavík,KEF,1053.0,EUR,1,VY8465 LIS-BCN 22:10-01:05 / VY6038 BCN-KEF 17:25-20:00,1,2026-09-09T08:50:22+01:00,https://www.google.com/travel/flights/search?tfs=Gh4SCjIwMjYtMTAtMjMoAUAQagUSA0xJU3IFEgNLRUYaHhIKMjAyNi0xMC0yNSgBQA5qBRIDS0VGcgUSA0xJU0IBAUgBiAEBmAEB&hl=en&gl=PT&curr=EUR
30 Oct–2 Nov,1,Madeira,FNC,72.0,EUR,1,FR387 LIS-FNC 22:25-00:15,0,2026-09-09T08:50:29+01:00,https://www.google.com/travel/flights/search?tfs=Gh4SCjIwMjYtMTAtMzAoAUAUagUSA0xJU3IFEgNGTkMaHhIKMjAyNi0xMS0wMigBQBBqBRIDRk5DcgUSA0xJU0IBAUgBiAEBmAEB&hl=en&gl=PT&curr=EUR
30 Oct–2 Nov,2,Milan Malpensa,MXP,123.0,EUR,1,VY1155 LIS-BCN 21:05-23:59 / VY6042 BCN-MXP 10:45-12:25,1,2026-09-09T08:50:31+01:00,https://www.google.com/travel/flights/search?tfs=Gh4SCjIwMjYtMTAtMzAoAUAUagUSA0xJU3IFEgNNWFAaHhIKMjAyNi0xMS0wMigBQBBqBRIDTVhQcgUSA0xJU0IBAUgBiAEBmAEB&hl=en&gl=PT&curr=EUR
30 Oct–2 Nov,3,Rome,FCO,164.0,EUR,1,VY1155 LIS-BCN 21:05-23:59 / VY6006 BCN-FCO 10:05-11:50,1,2026-09-09T08:50:32+01:00,https://www.google.com/travel/flights/search?tfs=Gh4SCjIwMjYtMTAtMzAoAUAUagUSA0xJU3IFEgNGQ08aHhIKMjAyNi0xMS0wMigBQBBqBRIDRkNPcgUSA0xJU0IBAUgBiAEBmAEB&hl=en&gl=PT&curr=EUR
30 Oct–2 Nov,4,Venice,VCE,168.0,EUR,1,VY1155 LIS-BCN 21:05-23:59 / VY6090 BCN-VCE 07:20-09:10,1,2026-09-09T08:50:32+01:00,https://www.google.com/travel/flights/search?tfs=Gh4SCjIwMjYtMTAtMzAoAUAUagUSA0xJU3IFEgNWQ0UaHhIKMjAyNi0xMS0wMigBQBBqBRIDVkNFcgUSA0xJU0IBAUgBiAEBmAEB&hl=en&gl=PT&curr=EUR
30 Oct–2 Nov,5,Dublin,DUB,179.0,EUR,1,FR651 LIS-DUB 20:50-23:40,0,2026-09-09T08:50:29+01:00,https://www.google.com/travel/flights/search?tfs=Gh4SCjIwMjYtMTAtMzAoAUAUagUSA0xJU3IFEgNEVUIaHhIKMjAyNi0xMS0wMigBQBBqBRIDRFVCcgUSA0xJU0IBAUgBiAEBmAEB&hl=en&gl=PT&curr=EUR
30 Oct–2 Nov,6,London Gatwick,LGW,188.0,EUR,1,TP1938 LIS-OPO 23:30-00:30 / TP1328 OPO-LGW 07:05-09:25,1,2026-09-09T08:50:35+01:00,https://www.google.com/travel/flights/search?tfs=Gh4SCjIwMjYtMTAtMzAoAUAUagUSA0xJU3IFEgNMR1caHhIKMjAyNi0xMS0wMigBQBBqBRIDTEdXcgUSA0xJU0IBAUgBiAEBmAEB&hl=en&gl=PT&curr=EUR
30 Oct–2 Nov,7,Nice,NCE,200.0,EUR,1,TP484 LIS-NCE 20:40-00:10,0,2026-09-09T08:50:29+01:00,https://www.google.com/travel/flights/search?tfs=Gh4SCjIwMjYtMTAtMzAoAUAUagUSA0xJU3IFEgNOQ0UaHhIKMjAyNi0xMS0wMigBQBBqBRIDTkNFcgUSA0xJU0IBAUgBiAEBmAEB&hl=en&gl=PT&curr=EUR
30 Oct–2 Nov,8,Prague,PRG,237.0,EUR,1,VY1155 LIS-BCN 21:05-23:59 / VY1194 BCN-PRG 07:30-10:00,1,2026-09-09T08:50:34+01:00,https://www.google.com/travel/flights/search?tfs=Gh4SCjIwMjYtMTAtMzAoAUAUagUSA0xJU3IFEgNQUkcaHhIKMjAyNi0xMS0wMigBQBBqBRIDUFJHcgUSA0xJU0IBAUgBiAEBmAEB&hl=en&gl=PT&curr=EUR
30 Oct–2 Nov,9,Berlin,BER,272.0,EUR,1,VY1155 LIS-BCN 21:05-23:59 / VY1070 BCN-BER 07:00-09:45,1,2026-09-09T08:50:33+01:00,https://www.google.com/travel/flights/search?tfs=Gh4SCjIwMjYtMTAtMzAoAUAUagUSA0xJU3IFEgNCRVIaHhIKMjAyNi0xMS0wMigBQBBqBRIDQkVScgUSA0xJU0IBAUgBiAEBmAEB&hl=en&gl=PT&curr=EUR
30 Oct–2 Nov,10,London Heathrow,LHR,302.0,EUR,1,VY1155 LIS-BCN 21:05-23:59 / VY7640 BCN-LHR 07:30-09:10,1,2026-09-09T08:50:35+01:00,https://www.google.com/travel/flights/search?tfs=Gh4SCjIwMjYtMTAtMzAoAUAUagUSA0xJU3IFEgNMSFIaHhIKMjAyNi0xMS0wMigBQBBqBRIDTEhScgUSA0xJU0IBAUgBiAEBmAEB&hl=en&gl=PT&curr=EUR
30 Oct–2 Nov,11,Bologna,BLQ,396.0,EUR,1,TP838 LIS-FCO 20:00-00:05 / AZ1311 FCO-BLQ 09:15-10:20,1,2026-09-09T08:50:32+01:00,https://www.google.com/travel/flights/search?tfs=Gh4SCjIwMjYtMTAtMzAoAUAUagUSA0xJU3IFEgNCTFEaHhIKMjAyNi0xMS0wMigBQBBqBRIDQkxRcgUSA0xJU0IBAUgBiAEBmAEB&hl=en&gl=PT&curr=EUR
30 Oct–2 Nov,12,Split,SPU,430.0,EUR,1,TP838 LIS-FCO 20:00-00:05 / OU381 FCO-SPU 18:00-19:05,1,2026-09-09T08:50:33+01:00,https://www.google.com/travel/flights/search?tfs=Gh4SCjIwMjYtMTAtMzAoAUAUagUSA0xJU3IFEgNTUFUaHhIKMjAyNi0xMS0wMigBQBBqBRIDU1BVcgUSA0xJU0IBAUgBiAEBmAEB&hl=en&gl=PT&curr=EUR
30 Oct–2 Nov,13,Genoa / Cinque Terre,GOA,484.0,EUR,1,TP838 LIS-FCO 20:00-00:05 / AZ1383 FCO-GOA 09:25-10:35,1,2026-09-09T08:50:31+01:00,https://www.google.com/travel/flights/search?tfs=Gh4SCjIwMjYtMTAtMzAoAUAUagUSA0xJU3IFEgNHT0EaHhIKMjAyNi0xMS0wMigBQBBqBRIDR09BcgUSA0xJU0IBAUgBiAEBmAEB&hl=en&gl=PT&curr=EUR
30 Oct–2 Nov,14,Marrakech,RAK,490.0,EUR,1,IB538 LIS-MAD 20:45-23:10 / IB1857 MAD-RAK 19:10-20:10,1,2026-09-09T08:50:30+01:00,https://www.google.com/travel/flights/search?tfs=Gh4SCjIwMjYtMTAtMzAoAUAUagUSA0xJU3IFEgNSQUsaHhIKMjAyNi0xMS0wMigBQBBqBRIDUkFLcgUSA0xJU0IBAUgBiAEBmAEB&hl=en&gl=PT&curr=EUR
6–9 Nov,1,Madeira,FNC,53.0,EUR,1,FR387 LIS-FNC 22:25-00:15,0,2026-09-09T08:50:36+01:00,https://www.google.com/travel/flights/search?tfs=Gh4SCjIwMjYtMTEtMDYoAUAQagUSA0xJU3IFEgNGTkMaHhIKMjAyNi0xMS0wOSgBQBBqBRIDRk5DcgUSA0xJU0IBAUgBiAEBmAEB&hl=en&gl=PT&curr=EUR
6–9 Nov,2,London Luton,LTN,65.0,EUR,1,U22462 LIS-LTN 18:50-21:35,0,2026-09-09T08:50:43+01:00,https://www.google.com/travel/flights/search?tfs=Gh4SCjIwMjYtMTEtMDYoAUAQagUSA0xJU3IFEgNMVE4aHhIKMjAyNi0xMS0wOSgBQBBqBRIDTFROcgUSA0xJU0IBAUgBiAEBmAEB&hl=en&gl=PT&curr=EUR
6–9 Nov,3,London Stansted,STN,68.0,EUR,1,FR1883 LIS-STN 19:25-22:15,0,2026-09-09T08:50:43+01:00,https://www.google.com/travel/flights/search?tfs=Gh4SCjIwMjYtMTEtMDYoAUAQagUSA0xJU3IFEgNTVE4aHhIKMjAyNi0xMS0wOSgBQBBqBRIDU1ROcgUSA0xJU0IBAUgBiAEBmAEB&hl=en&gl=PT&curr=EUR
6–9 Nov,4,London Gatwick,LGW,72.0,EUR,1,U28512 LIS-LGW 16:45-19:30,0,2026-09-09T08:50:42+01:00,https://www.google.com/travel/flights/search?tfs=Gh4SCjIwMjYtMTEtMDYoAUAQagUSA0xJU3IFEgNMR1caHhIKMjAyNi0xMS0wOSgBQBBqBRIDTEdXcgUSA0xJU0IBAUgBiAEBmAEB&hl=en&gl=PT&curr=EUR
6–9 Nov,5,Nice,NCE,74.0,EUR,1,U27617 LIS-NCE 17:00-20:30,0,2026-09-09T08:50:36+01:00,https://www.google.com/travel/flights/search?tfs=Gh4SCjIwMjYtMTEtMDYoAUAQagUSA0xJU3IFEgNOQ0UaHhIKMjAyNi0xMS0wOSgBQBBqBRIDTkNFcgUSA0xJU0IBAUgBiAEBmAEB&hl=en&gl=PT&curr=EUR
6–9 Nov,6,Milan Malpensa,MXP,91.0,EUR,1,U27697 LIS-MXP 16:35-20:20,0,2026-09-09T08:50:39+01:00,https://www.google.com/travel/flights/search?tfs=Gh4SCjIwMjYtMTEtMDYoAUAQagUSA0xJU3IFEgNNWFAaHhIKMjAyNi0xMS0wOSgBQBBqBRIDTVhQcgUSA0xJU0IBAUgBiAEBmAEB&hl=en&gl=PT&curr=EUR
6–9 Nov,7,Dublin,DUB,96.0,EUR,1,FR651 LIS-DUB 20:50-23:40,0,2026-09-09T08:50:36+01:00,https://www.google.com/travel/flights/search?tfs=Gh4SCjIwMjYtMTEtMDYoAUAQagUSA0xJU3IFEgNEVUIaHhIKMjAyNi0xMS0wOSgBQBBqBRIDRFVCcgUSA0xJU0IBAUgBiAEBmAEB&hl=en&gl=PT&curr=EUR
6–9 Nov,8,Rome,FCO,140.0,EUR,1,TP838 LIS-FCO 20:00-00:05,0,2026-09-09T08:50:39+01:00,https://www.google.com/travel/flights/search?tfs=Gh4SCjIwMjYtMTEtMDYoAUAQagUSA0xJU3IFEgNGQ08aHhIKMjAyNi0xMS0wOSgBQBBqBRIDRkNPcgUSA0xJU0IBAUgBiAEBmAEB&hl=en&gl=PT&curr=EUR
6–9 Nov,9,Venice,VCE,149.0,EUR,1,VY1155 LIS-BCN 21:05-23:59 / VY6090 BCN-VCE 07:20-09:10,1,2026-09-09T08:50:39+01:00,https://www.google.com/travel/flights/search?tfs=Gh4SCjIwMjYtMTEtMDYoAUAQagUSA0xJU3IFEgNWQ0UaHhIKMjAyNi0xMS0wOSgBQBBqBRIDVkNFcgUSA0xJU0IBAUgBiAEBmAEB&hl=en&gl=PT&curr=EUR
6–9 Nov,10,Agadir,AGA,155.0,EUR,1,AT983 LIS-CMN 17:55-19:20 / AT429 CMN-AGA 21:00-22:25,1,2026-09-09T08:50:37+01:00,https://www.google.com/travel/flights/search?tfs=Gh4SCjIwMjYtMTEtMDYoAUAQagUSA0xJU3IFEgNBR0EaHhIKMjAyNi0xMS0wOSgBQBBqBRIDQUdBcgUSA0xJU0IBAUgBiAEBmAEB&hl=en&gl=PT&curr=EUR
6–9 Nov,11,Marrakech,RAK,155.0,EUR,1,AT983 LIS-CMN 17:55-19:20 / AT403 CMN-RAK 22:05-22:55,1,2026-09-09T08:50:37+01:00,https://www.google.com/travel/flights/search?tfs=Gh4SCjIwMjYtMTEtMDYoAUAQagUSA0xJU3IFEgNSQUsaHhIKMjAyNi0xMS0wOSgBQBBqBRIDUkFLcgUSA0xJU0IBAUgBiAEBmAEB&hl=en&gl=PT&curr=EUR
6–9 Nov,12,Berlin,BER,160.0,EUR,1,VY1155 LIS-BCN 21:05-23:59 / VY1070 BCN-BER 07:00-09:45,1,2026-09-09T08:50:40+01:00,https://www.google.com/travel/flights/search?tfs=Gh4SCjIwMjYtMTEtMDYoAUAQagUSA0xJU3IFEgNCRVIaHhIKMjAyNi0xMS0wOSgBQBBqBRIDQkVScgUSA0xJU0IBAUgBiAEBmAEB&hl=en&gl=PT&curr=EUR
6–9 Nov,13,London Heathrow,LHR,164.0,EUR,1,VY1155 LIS-BCN 21:05-23:59 / VY7640 BCN-LHR 07:30-09:10,1,2026-09-09T08:50:42+01:00,https://www.google.com/travel/flights/search?tfs=Gh4SCjIwMjYtMTEtMDYoAUAQagUSA0xJU3IFEgNMSFIaHhIKMjAyNi0xMS0wOSgBQBBqBRIDTEhScgUSA0xJU0IBAUgBiAEBmAEB&hl=en&gl=PT&curr=EUR
6–9 Nov,14,Bologna,BLQ,166.0,EUR,1,AF1625 LIS-CDG 16:10-19:50 / AF1028 CDG-BLQ 21:20-23:05,1,2026-09-09T08:50:39+01:00,https://www.google.com/travel/flights/search?tfs=Gh4SCjIwMjYtMTEtMDYoAUAQagUSA0xJU3IFEgNCTFEaHhIKMjAyNi0xMS0wOSgBQBBqBRIDQkxRcgUSA0xJU0IBAUgBiAEBmAEB&hl=en&gl=PT&curr=EUR
6–9 Nov,15,Copenhagen,CPH,175.0,EUR,1,AF1625 LIS-CDG 16:10-19:50 / AF1350 CDG-CPH 21:00-23:00,1,2026-09-09T08:50:42+01:00,https://www.google.com/travel/flights/search?tfs=Gh4SCjIwMjYtMTEtMDYoAUAQagUSA0xJU3IFEgNDUEgaHhIKMjAyNi0xMS0wOSgBQBBqBRIDQ1BIcgUSA0xJU0IBAUgBiAEBmAEB&hl=en&gl=PT&curr=EUR
6–9 Nov,16,Prague,PRG,191.0,EUR,1,VY1155 LIS-BCN 21:05-23:59 / VY1194 BCN-PRG 07:30-10:00,1,2026-09-09T08:50:41+01:00,https://www.google.com/travel/flights/search?tfs=Gh4SCjIwMjYtMTEtMDYoAUAQagUSA0xJU3IFEgNQUkcaHhIKMjAyNi0xMS0wOSgBQBBqBRIDUFJHcgUSA0xJU0IBAUgBiAEBmAEB&hl=en&gl=PT&curr=EUR
6–9 Nov,17,Oslo,OSL,196.0,EUR,1,AF1625 LIS-CDG 16:10-19:50 / AF1274 CDG-OSL 20:50-23:20,1,2026-09-09T08:50:43+01:00,https://www.google.com/travel/flights/search?tfs=Gh4SCjIwMjYtMTEtMDYoAUAQagUSA0xJU3IFEgNPU0waHhIKMjAyNi0xMS0wOSgBQBBqBRIDT1NMcgUSA0xJU0IBAUgBiAEBmAEB&hl=en&gl=PT&curr=EUR
6–9 Nov,18,Casablanca,CMN,216.0,EUR,1,AF1195 LIS-CDG 18:30-22:10 / AF1896 CDG-CMN 07:10-09:20,1,2026-09-09T08:50:37+01:00,https://www.google.com/travel/flights/search?tfs=Gh4SCjIwMjYtMTEtMDYoAUAQagUSA0xJU3IFEgNDTU4aHhIKMjAyNi0xMS0wOSgBQBBqBRIDQ01OcgUSA0xJU0IBAUgBiAEBmAEB&hl=en&gl=PT&curr=EUR
6–9 Nov,19,Zagreb,ZAG,257.0,EUR,1,AF1195 LIS-CDG 18:30-22:10 / AF1560 CDG-ZAG 10:00-12:00,1,2026-09-09T08:50:40+01:00,https://www.google.com/travel/flights/search?tfs=Gh4SCjIwMjYtMTEtMDYoAUAQagUSA0xJU3IFEgNaQUcaHhIKMjAyNi0xMS0wOSgBQBBqBRIDWkFHcgUSA0xJU0IBAUgBiAEBmAEB&hl=en&gl=PT&curr=EUR
6–9 Nov,20,Edinburgh,EDI,267.0,EUR,1,AF1195 LIS-CDG 18:30-22:10 / AF1686 CDG-EDI 09:40-10:30,1,2026-09-09T08:50:40+01:00,https://www.google.com/travel/flights/search?tfs=Gh4SCjIwMjYtMTEtMDYoAUAQagUSA0xJU3IFEgNFREkaHhIKMjAyNi0xMS0wOSgBQBBqBRIDRURJcgUSA0xJU0IBAUgBiAEBmAEB&hl=en&gl=PT&curr=EUR
6–9 Nov,21,Glasgow,GLA,281.0,EUR,1,BA511 LIS-LHR 18:55-21:40 / BA1470 LHR-GLA 06:25-07:50,1,2026-09-09T08:50:40+01:00,https://www.google.com/travel/flights/search?tfs=Gh4SCjIwMjYtMTEtMDYoAUAQagUSA0xJU3IFEgNHTEEaHhIKMjAyNi0xMS0wOSgBQBBqBRIDR0xBcgUSA0xJU0IBAUgBiAEBmAEB&hl=en&gl=PT&curr=EUR
6–9 Nov,22,Billund,BLL,367.0,EUR,1,TP574 LIS-FRA 18:25-22:40 / LH836 FRA-BLL 08:30-09:50,1,2026-09-09T08:50:42+01:00,https://www.google.com/travel/flights/search?tfs=Gh4SCjIwMjYtMTEtMDYoAUAQagUSA0xJU3IFEgNCTEwaHhIKMjAyNi0xMS0wOSgBQBBqBRIDQkxMcgUSA0xJU0IBAUgBiAEBmAEB&hl=en&gl=PT&curr=EUR
6–9 Nov,23,Rovaniemi,RVN,395.0,EUR,1,AY1740 LIS-HEL 16:10-22:50 / AY531 HEL-RVN 07:05-08:30,1,2026-09-09T08:50:38+01:00,https://www.google.com/travel/flights/search?tfs=Gh4SCjIwMjYtMTEtMDYoAUAQagUSA0xJU3IFEgNSVk4aHhIKMjAyNi0xMS0wOSgBQBBqBRIDUlZOcgUSA0xJU0IBAUgBiAEBmAEB&hl=en&gl=PT&curr=EUR
6–9 Nov,24,Shannon / Cliffs of Moher,SNN,440.0,EUR,1,BA511 LIS-LHR 18:55-21:40 / EI381 LHR-SNN 10:00-11:30,1,2026-09-09T08:50:36+01:00,https://www.google.com/travel/flights/search?tfs=Gh4SCjIwMjYtMTEtMDYoAUAQagUSA0xJU3IFEgNTTk4aHhIKMjAyNi0xMS0wOSgBQBBqBRIDU05OcgUSA0xJU0IBAUgBiAEBmAEB&hl=en&gl=PT&curr=EUR
6–9 Nov,25,Split,SPU,461.0,EUR,1,TP934 LIS-ZRH 18:40-22:35 / OU463 ZRH-SPU 14:30-15:55,1,2026-09-09T08:50:41+01:00,https://www.google.com/travel/flights/search?tfs=Gh4SCjIwMjYtMTEtMDYoAUAQagUSA0xJU3IFEgNTUFUaHhIKMjAyNi0xMS0wOSgBQBBqBRIDU1BVcgUSA0xJU0IBAUgBiAEBmAEB&hl=en&gl=PT&curr=EUR
6–9 Nov,26,Genoa / Cinque Terre,GOA,494.0,EUR,1,TP838 LIS-FCO 20:00-00:05 / AZ1383 FCO-GOA 09:25-10:35,1,2026-09-09T08:50:38+01:00,https://www.google.com/travel/flights/search?tfs=Gh4SCjIwMjYtMTEtMDYoAUAQagUSA0xJU3IFEgNHT0EaHhIKMjAyNi0xMS0wOSgBQBBqBRIDR09BcgUSA0xJU0IBAUgBiAEBmAEB&hl=en&gl=PT&curr=EUR
6–9 Nov,27,Tromsø,TOS,499.0,EUR,1,TP556 LIS-MUC 18:50-23:05 / LH2450 MUC-TOS 08:30-12:15,1,2026-09-09T08:50:38+01:00,https://www.google.com/travel/flights/search?tfs=Gh4SCjIwMjYtMTEtMDYoAUAQagUSA0xJU3IFEgNUT1MaHhIKMjAyNi0xMS0wOSgBQBBqBRIDVE9TcgUSA0xJU0IBAUgBiAEBmAEB&hl=en&gl=PT&curr=EUR
6–9 Nov,28,Bergen,BGO,527.0,EUR,1,SK2802 LIS-CPH 16:55-21:35 / SK2870 CPH-BGO 23:00-00:25,1,2026-09-09T08:50:43+01:00,https://www.google.com/travel/flights/search?tfs=Gh4SCjIwMjYtMTEtMDYoAUAQagUSA0xJU3IFEgNCR08aHhIKMjAyNi0xMS0wOSgBQBBqBRIDQkdPcgUSA0xJU0IBAUgBiAEBmAEB&hl=en&gl=PT&curr=EUR
6–9 Nov,29,Reykjavík,KEF,621.0,EUR,1,SK2802 LIS-CPH 16:55-21:35 / SK595 CPH-KEF 08:15-10:50,1,2026-09-09T08:50:38+01:00,https://www.google.com/travel/flights/search?tfs=Gh4SCjIwMjYtMTEtMDYoAUAQagUSA0xJU3IFEgNLRUYaHhIKMjAyNi0xMS0wOSgBQBBqBRIDS0VGcgUSA0xJU0IBAUgBiAEBmAEB&hl=en&gl=PT&curr=EUR
20–23 Nov,1,Madeira,FNC,58.0,EUR,1,U27621 LIS-FNC 17:45-19:35,0,2026-09-09T08:50:44+01:00,https://www.google.com/travel/flights/search?tfs=Gh4SCjIwMjYtMTEtMjAoAUAQagUSA0xJU3IFEgNGTkMaHhIKMjAyNi0xMS0yMygBQBBqBRIDRk5DcgUSA0xJU0IBAUgBiAEBmAEB&hl=en&gl=PT&curr=EUR
20–23 Nov,2,Milan Malpensa,MXP,69.0,EUR,1,U27697 LIS-MXP 16:35-20:20,0,2026-09-09T08:50:47+01:00,https://www.google.com/travel/flights/search?tfs=Gh4SCjIwMjYtMTEtMjAoAUAQagUSA0xJU3IFEgNNWFAaHhIKMjAyNi0xMS0yMygBQBBqBRIDTVhQcgUSA0xJU0IBAUgBiAEBmAEB&hl=en&gl=PT&curr=EUR
20–23 Nov,3,London Luton,LTN,69.0,EUR,1,U22462 LIS-LTN 18:50-21:35,0,2026-09-09T08:50:52+01:00,https://www.google.com/travel/flights/search?tfs=Gh4SCjIwMjYtMTEtMjAoAUAQagUSA0xJU3IFEgNMVE4aHhIKMjAyNi0xMS0yMygBQBBqBRIDTFROcgUSA0xJU0IBAUgBiAEBmAEB&hl=en&gl=PT&curr=EUR
20–23 Nov,4,Nice,NCE,74.0,EUR,1,U27617 LIS-NCE 17:00-20:30,0,2026-09-09T08:50:44+01:00,https://www.google.com/travel/flights/search?tfs=Gh4SCjIwMjYtMTEtMjAoAUAQagUSA0xJU3IFEgNOQ0UaHhIKMjAyNi0xMS0yMygBQBBqBRIDTkNFcgUSA0xJU0IBAUgBiAEBmAEB&hl=en&gl=PT&curr=EUR
20–23 Nov,5,London Gatwick,LGW,94.0,EUR,1,U28512 LIS-LGW 16:45-19:30,0,2026-09-09T08:50:51+01:00,https://www.google.com/travel/flights/search?tfs=Gh4SCjIwMjYtMTEtMjAoAUAQagUSA0xJU3IFEgNMR1caHhIKMjAyNi0xMS0yMygBQBBqBRIDTEdXcgUSA0xJU0IBAUgBiAEBmAEB&hl=en&gl=PT&curr=EUR
20–23 Nov,6,Venice,VCE,107.0,EUR,1,UX1160 LIS-MAD 20:05-22:20 / UX1083 MAD-VCE 15:15-17:45,1,2026-09-09T08:50:48+01:00,https://www.google.com/travel/flights/search?tfs=Gh4SCjIwMjYtMTEtMjAoAUAQagUSA0xJU3IFEgNWQ0UaHhIKMjAyNi0xMS0yMygBQBBqBRIDVkNFcgUSA0xJU0IBAUgBiAEBmAEB&hl=en&gl=PT&curr=EUR
20–23 Nov,7,Dublin,DUB,108.0,EUR,1,FR651 LIS-DUB 20:50-23:40,0,2026-09-09T08:50:44+01:00,https://www.google.com/travel/flights/search?tfs=Gh4SCjIwMjYtMTEtMjAoAUAQagUSA0xJU3IFEgNEVUIaHhIKMjAyNi0xMS0yMygBQBBqBRIDRFVCcgUSA0xJU0IBAUgBiAEBmAEB&hl=en&gl=PT&curr=EUR
20–23 Nov,8,London Stansted,STN,108.0,EUR,1,FR1883 LIS-STN 19:25-22:15,0,2026-09-09T08:50:51+01:00,https://www.google.com/travel/flights/search?tfs=Gh4SCjIwMjYtMTEtMjAoAUAQagUSA0xJU3IFEgNTVE4aHhIKMjAyNi0xMS0yMygBQBBqBRIDU1ROcgUSA0xJU0IBAUgBiAEBmAEB&hl=en&gl=PT&curr=EUR
20–23 Nov,9,Rome,FCO,137.0,EUR,1,VY1155 LIS-BCN 21:05-23:59 / VY6002 BCN-FCO 09:15-11:05,1,2026-09-09T08:50:47+01:00,https://www.google.com/travel/flights/search?tfs=Gh4SCjIwMjYtMTEtMjAoAUAQagUSA0xJU3IFEgNGQ08aHhIKMjAyNi0xMS0yMygBQBBqBRIDRkNPcgUSA0xJU0IBAUgBiAEBmAEB&hl=en&gl=PT&curr=EUR
20–23 Nov,10,Marrakech,RAK,155.0,EUR,1,AT983 LIS-CMN 17:55-19:20 / AT401 CMN-RAK 21:05-22:10,1,2026-09-09T08:50:45+01:00,https://www.google.com/travel/flights/search?tfs=Gh4SCjIwMjYtMTEtMjAoAUAQagUSA0xJU3IFEgNSQUsaHhIKMjAyNi0xMS0yMygBQBBqBRIDUkFLcgUSA0xJU0IBAUgBiAEBmAEB&hl=en&gl=PT&curr=EUR
20–23 Nov,11,Agadir,AGA,155.0,EUR,1,AT983 LIS-CMN 17:55-19:20 / AT429 CMN-AGA 21:00-22:25,1,2026-09-09T08:50:46+01:00,https://www.google.com/travel/flights/search?tfs=Gh4SCjIwMjYtMTEtMjAoAUAQagUSA0xJU3IFEgNBR0EaHhIKMjAyNi0xMS0yMygBQBBqBRIDQUdBcgUSA0xJU0IBAUgBiAEBmAEB&hl=en&gl=PT&curr=EUR
20–23 Nov,12,Bologna,BLQ,167.0,EUR,1,AF1195 LIS-CDG 18:30-22:10 / AF1228 CDG-BLQ 08:00-09:45,1,2026-09-09T08:50:48+01:00,https://www.google.com/travel/flights/search?tfs=Gh4SCjIwMjYtMTEtMjAoAUAQagUSA0xJU3IFEgNCTFEaHhIKMjAyNi0xMS0yMygBQBBqBRIDQkxRcgUSA0xJU0IBAUgBiAEBmAEB&hl=en&gl=PT&curr=EUR
20–23 Nov,13,London Heathrow,LHR,169.0,EUR,1,VY1155 LIS-BCN 21:05-23:59 / VY7640 BCN-LHR 07:30-09:10,1,2026-09-09T08:50:51+01:00,https://www.google.com/travel/flights/search?tfs=Gh4SCjIwMjYtMTEtMjAoAUAQagUSA0xJU3IFEgNMSFIaHhIKMjAyNi0xMS0yMygBQBBqBRIDTEhScgUSA0xJU0IBAUgBiAEBmAEB&hl=en&gl=PT&curr=EUR
20–23 Nov,14,Berlin,BER,172.0,EUR,1,VY1155 LIS-BCN 21:05-23:59 / VY1070 BCN-BER 07:00-09:45,1,2026-09-09T08:50:49+01:00,https://www.google.com/travel/flights/search?tfs=Gh4SCjIwMjYtMTEtMjAoAUAQagUSA0xJU3IFEgNCRVIaHhIKMjAyNi0xMS0yMygBQBBqBRIDQkVScgUSA0xJU0IBAUgBiAEBmAEB&hl=en&gl=PT&curr=EUR
20–23 Nov,15,Prague,PRG,193.0,EUR,1,VY1155 LIS-BCN 21:05-23:59 / VY1194 BCN-PRG 07:30-10:00,1,2026-09-09T08:50:50+01:00,https://www.google.com/travel/flights/search?tfs=Gh4SCjIwMjYtMTEtMjAoAUAQagUSA0xJU3IFEgNQUkcaHhIKMjAyNi0xMS0yMygBQBBqBRIDUFJHcgUSA0xJU0IBAUgBiAEBmAEB&hl=en&gl=PT&curr=EUR
20–23 Nov,16,Edinburgh,EDI,240.0,EUR,1,AF1195 LIS-CDG 18:30-22:10 / AF1686 CDG-EDI 09:40-10:30,1,2026-09-09T08:50:48+01:00,https://www.google.com/travel/flights/search?tfs=Gh4SCjIwMjYtMTEtMjAoAUAQagUSA0xJU3IFEgNFREkaHhIKMjAyNi0xMS0yMygBQBBqBRIDRURJcgUSA0xJU0IBAUgBiAEBmAEB&hl=en&gl=PT&curr=EUR
20–23 Nov,17,Oslo,OSL,258.0,EUR,1,AF1625 LIS-CDG 16:10-19:50 / AF1274 CDG-OSL 20:50-23:20,1,2026-09-09T08:50:52+01:00,https://www.google.com/travel/flights/search?tfs=Gh4SCjIwMjYtMTEtMjAoAUAQagUSA0xJU3IFEgNPU0waHhIKMjAyNi0xMS0yMygBQBBqBRIDT1NMcgUSA0xJU0IBAUgBiAEBmAEB&hl=en&gl=PT&curr=EUR
20–23 Nov,18,Copenhagen,CPH,275.0,EUR,1,TP934 LIS-ZRH 18:40-22:35 / LX1266 ZRH-CPH 07:10-09:00,1,2026-09-09T08:50:50+01:00,https://www.google.com/travel/flights/search?tfs=Gh4SCjIwMjYtMTEtMjAoAUAQagUSA0xJU3IFEgNDUEgaHhIKMjAyNi0xMS0yMygBQBBqBRIDQ1BIcgUSA0xJU0IBAUgBiAEBmAEB&hl=en&gl=PT&curr=EUR
20–23 Nov,19,Casablanca,CMN,277.0,EUR,1,AF1195 LIS-CDG 18:30-22:10 / AF1896 CDG-CMN 07:10-09:20,1,2026-09-09T08:50:45+01:00,https://www.google.com/travel/flights/search?tfs=Gh4SCjIwMjYtMTEtMjAoAUAQagUSA0xJU3IFEgNDTU4aHhIKMjAyNi0xMS0yMygBQBBqBRIDQ01OcgUSA0xJU0IBAUgBiAEBmAEB&hl=en&gl=PT&curr=EUR
20–23 Nov,20,Zagreb,ZAG,306.0,EUR,1,AF1195 LIS-CDG 18:30-22:10 / AF1560 CDG-ZAG 10:00-12:00,1,2026-09-09T08:50:49+01:00,https://www.google.com/travel/flights/search?tfs=Gh4SCjIwMjYtMTEtMjAoAUAQagUSA0xJU3IFEgNaQUcaHhIKMjAyNi0xMS0yMygBQBBqBRIDWkFHcgUSA0xJU0IBAUgBiAEBmAEB&hl=en&gl=PT&curr=EUR
20–23 Nov,21,Glasgow,GLA,317.0,EUR,1,BA511 LIS-LHR 18:55-21:40 / BA1470 LHR-GLA 06:25-07:50,1,2026-09-09T08:50:49+01:00,https://www.google.com/travel/flights/search?tfs=Gh4SCjIwMjYtMTEtMjAoAUAQagUSA0xJU3IFEgNHTEEaHhIKMjAyNi0xMS0yMygBQBBqBRIDR0xBcgUSA0xJU0IBAUgBiAEBmAEB&hl=en&gl=PT&curr=EUR
20–23 Nov,22,Billund,BLL,345.0,EUR,1,TP574 LIS-FRA 18:25-22:40 / LH836 FRA-BLL 08:30-09:50,1,2026-09-09T08:50:50+01:00,https://www.google.com/travel/flights/search?tfs=Gh4SCjIwMjYtMTEtMjAoAUAQagUSA0xJU3IFEgNCTEwaHhIKMjAyNi0xMS0yMygBQBBqBRIDQkxMcgUSA0xJU0IBAUgBiAEBmAEB&hl=en&gl=PT&curr=EUR
20–23 Nov,23,Genoa / Cinque Terre,GOA,365.0,EUR,1,TP838 LIS-FCO 20:00-00:05 / AZ1383 FCO-GOA 09:25-10:35,1,2026-09-09T08:50:47+01:00,https://www.google.com/travel/flights/search?tfs=Gh4SCjIwMjYtMTEtMjAoAUAQagUSA0xJU3IFEgNHT0EaHhIKMjAyNi0xMS0yMygBQBBqBRIDR09BcgUSA0xJU0IBAUgBiAEBmAEB&hl=en&gl=PT&curr=EUR
20–23 Nov,24,Rovaniemi,RVN,395.0,EUR,1,AY1740 LIS-HEL 16:10-22:50 / AY531 HEL-RVN 07:05-08:30,1,2026-09-09T08:50:46+01:00,https://www.google.com/travel/flights/search?tfs=Gh4SCjIwMjYtMTEtMjAoAUAQagUSA0xJU3IFEgNSVk4aHhIKMjAyNi0xMS0yMygBQBBqBRIDUlZOcgUSA0xJU0IBAUgBiAEBmAEB&hl=en&gl=PT&curr=EUR
20–23 Nov,25,Split,SPU,461.0,EUR,1,TP934 LIS-ZRH 18:40-22:35 / OU463 ZRH-SPU 14:30-15:55,1,2026-09-09T08:50:50+01:00,https://www.google.com/travel/flights/search?tfs=Gh4SCjIwMjYtMTEtMjAoAUAQagUSA0xJU3IFEgNTUFUaHhIKMjAyNi0xMS0yMygBQBBqBRIDU1BVcgUSA0xJU0IBAUgBiAEBmAEB&hl=en&gl=PT&curr=EUR
20–23 Nov,26,Bergen,BGO,527.0,EUR,1,SK2802 LIS-CPH 16:55-21:35 / SK2870 CPH-BGO 23:00-00:25,1,2026-09-09T08:50:52+01:00,https://www.google.com/travel/flights/search?tfs=Gh4SCjIwMjYtMTEtMjAoAUAQagUSA0xJU3IFEgNCR08aHhIKMjAyNi0xMS0yMygBQBBqBRIDQkdPcgUSA0xJU0IBAUgBiAEBmAEB&hl=en&gl=PT&curr=EUR
20–23 Nov,27,Reykjavík,KEF,588.0,EUR,1,SK2802 LIS-CPH 16:55-21:35 / SK595 CPH-KEF 08:15-10:50,1,2026-09-09T08:50:46+01:00,https://www.google.com/travel/flights/search?tfs=Gh4SCjIwMjYtMTEtMjAoAUAQagUSA0xJU3IFEgNLRUYaHhIKMjAyNi0xMS0yMygBQBBqBRIDS0VGcgUSA0xJU0IBAUgBiAEBmAEB&hl=en&gl=PT&curr=EUR
20–23 Nov,28,Tromsø,TOS,676.0,EUR,1,TP556 LIS-MUC 18:50-23:05 / LH2450 MUC-TOS 08:30-12:15,1,2026-09-09T08:50:46+01:00,https://www.google.com/travel/flights/search?tfs=Gh4SCjIwMjYtMTEtMjAoAUAQagUSA0xJU3IFEgNUT1MaHhIKMjAyNi0xMS0yMygBQBBqBRIDVE9TcgUSA0xJU0IBAUgBiAEBmAEB&hl=en&gl=PT&curr=EUR
27–30 Nov,1,Madeira,FNC,64.0,EUR,1,U27621 LIS-FNC 17:45-19:35,0,2026-09-09T08:50:52+01:00,https://www.google.com/travel/flights/search?tfs=Gh4SCjIwMjYtMTEtMjcoAUAQagUSA0xJU3IFEgNGTkMaHhIKMjAyNi0xMS0zMCgBQBBqBRIDRk5DcgUSA0xJU0IBAUgBiAEBmAEB&hl=en&gl=PT&curr=EUR
27–30 Nov,2,Nice,NCE,74.0,EUR,1,U27617 LIS-NCE 17:00-20:30,0,2026-09-09T08:50:52+01:00,https://www.google.com/travel/flights/search?tfs=Gh4SCjIwMjYtMTEtMjcoAUAQagUSA0xJU3IFEgNOQ0UaHhIKMjAyNi0xMS0zMCgBQBBqBRIDTkNFcgUSA0xJU0IBAUgBiAEBmAEB&hl=en&gl=PT&curr=EUR
27–30 Nov,3,Milan Malpensa,MXP,88.0,EUR,1,U27697 LIS-MXP 16:35-20:20,0,2026-09-09T08:50:55+01:00,https://www.google.com/travel/flights/search?tfs=Gh4SCjIwMjYtMTEtMjcoAUAQagUSA0xJU3IFEgNNWFAaHhIKMjAyNi0xMS0zMCgBQBBqBRIDTVhQcgUSA0xJU0IBAUgBiAEBmAEB&hl=en&gl=PT&curr=EUR
27–30 Nov,4,London Luton,LTN,129.0,EUR,1,U22462 LIS-LTN 18:50-21:35,0,2026-09-09T08:51:00+01:00,https://www.google.com/travel/flights/search?tfs=Gh4SCjIwMjYtMTEtMjcoAUAQagUSA0xJU3IFEgNMVE4aHhIKMjAyNi0xMS0zMCgBQBBqBRIDTFROcgUSA0xJU0IBAUgBiAEBmAEB&hl=en&gl=PT&curr=EUR
27–30 Nov,5,London Gatwick,LGW,134.0,EUR,1,U28512 LIS-LGW 16:45-19:30,0,2026-09-09T08:50:59+01:00,https://www.google.com/travel/flights/search?tfs=Gh4SCjIwMjYtMTEtMjcoAUAQagUSA0xJU3IFEgNMR1caHhIKMjAyNi0xMS0zMCgBQBBqBRIDTEdXcgUSA0xJU0IBAUgBiAEBmAEB&hl=en&gl=PT&curr=EUR
27–30 Nov,6,London Stansted,STN,146.0,EUR,1,FR1883 LIS-STN 19:25-22:15,0,2026-09-09T08:50:59+01:00,https://www.google.com/travel/flights/search?tfs=Gh4SCjIwMjYtMTEtMjcoAUAQagUSA0xJU3IFEgNTVE4aHhIKMjAyNi0xMS0zMCgBQBBqBRIDU1ROcgUSA0xJU0IBAUgBiAEBmAEB&hl=en&gl=PT&curr=EUR
27–30 Nov,7,Marrakech,RAK,177.0,EUR,1,AT983 LIS-CMN 17:55-19:20 / AT401 CMN-RAK 21:05-22:10,1,2026-09-09T08:50:53+01:00,https://www.google.com/travel/flights/search?tfs=Gh4SCjIwMjYtMTEtMjcoAUAQagUSA0xJU3IFEgNSQUsaHhIKMjAyNi0xMS0zMCgBQBBqBRIDUkFLcgUSA0xJU0IBAUgBiAEBmAEB&hl=en&gl=PT&curr=EUR
27–30 Nov,8,Agadir,AGA,177.0,EUR,1,AT983 LIS-CMN 17:55-19:20 / AT429 CMN-AGA 21:00-22:25,1,2026-09-09T08:50:54+01:00,https://www.google.com/travel/flights/search?tfs=Gh4SCjIwMjYtMTEtMjcoAUAQagUSA0xJU3IFEgNBR0EaHhIKMjAyNi0xMS0zMCgBQBBqBRIDQUdBcgUSA0xJU0IBAUgBiAEBmAEB&hl=en&gl=PT&curr=EUR
27–30 Nov,9,Rome,FCO,180.0,EUR,1,TP838 LIS-FCO 20:00-00:05,0,2026-09-09T08:50:56+01:00,https://www.google.com/travel/flights/search?tfs=Gh4SCjIwMjYtMTEtMjcoAUAQagUSA0xJU3IFEgNGQ08aHhIKMjAyNi0xMS0zMCgBQBBqBRIDRkNPcgUSA0xJU0IBAUgBiAEBmAEB&hl=en&gl=PT&curr=EUR
27–30 Nov,10,Venice,VCE,181.0,EUR,1,UX1156 LIS-MAD 16:05-18:20 / UX1081 MAD-VCE 06:50-09:20,1,2026-09-09T08:50:56+01:00,https://www.google.com/travel/flights/search?tfs=Gh4SCjIwMjYtMTEtMjcoAUAQagUSA0xJU3IFEgNWQ0UaHhIKMjAyNi0xMS0zMCgBQBBqBRIDVkNFcgUSA0xJU0IBAUgBiAEBmAEB&hl=en&gl=PT&curr=EUR
27–30 Nov,11,London Heathrow,LHR,204.0,EUR,1,TP1364 LIS-LHR 16:05-18:55,0,2026-09-09T08:50:59+01:00,https://www.google.com/travel/flights/search?tfs=Gh4SCjIwMjYtMTEtMjcoAUAQagUSA0xJU3IFEgNMSFIaHhIKMjAyNi0xMS0zMCgBQBBqBRIDTEhScgUSA0xJU0IBAUgBiAEBmAEB&hl=en&gl=PT&curr=EUR
27–30 Nov,12,Dublin,DUB,204.0,EUR,1,TP1326 LIS-DUB 20:25-23:20,0,2026-09-09T08:50:52+01:00,https://www.google.com/travel/flights/search?tfs=Gh4SCjIwMjYtMTEtMjcoAUAQagUSA0xJU3IFEgNEVUIaHhIKMjAyNi0xMS0zMCgBQBBqBRIDRFVCcgUSA0xJU0IBAUgBiAEBmAEB&hl=en&gl=PT&curr=EUR
27–30 Nov,13,Bologna,BLQ,205.0,EUR,1,AF1625 LIS-CDG 16:10-19:50 / AF1228 CDG-BLQ 08:00-09:45,1,2026-09-09T08:50:56+01:00,https://www.google.com/travel/flights/search?tfs=Gh4SCjIwMjYtMTEtMjcoAUAQagUSA0xJU3IFEgNCTFEaHhIKMjAyNi0xMS0zMCgBQBBqBRIDQkxRcgUSA0xJU0IBAUgBiAEBmAEB&hl=en&gl=PT&curr=EUR
27–30 Nov,14,Berlin,BER,217.0,EUR,1,TP934 LIS-ZRH 18:40-22:35 / LX974 ZRH-BER 07:20-08:50,1,2026-09-09T08:50:57+01:00,https://www.google.com/travel/flights/search?tfs=Gh4SCjIwMjYtMTEtMjcoAUAQagUSA0xJU3IFEgNCRVIaHhIKMjAyNi0xMS0zMCgBQBBqBRIDQkVScgUSA0xJU0IBAUgBiAEBmAEB&hl=en&gl=PT&curr=EUR
27–30 Nov,15,Copenhagen,CPH,244.0,EUR,1,AF1625 LIS-CDG 16:10-19:50 / AF1350 CDG-CPH 21:00-23:00,1,2026-09-09T08:50:59+01:00,https://www.google.com/travel/flights/search?tfs=Gh4SCjIwMjYtMTEtMjcoAUAQagUSA0xJU3IFEgNDUEgaHhIKMjAyNi0xMS0zMCgBQBBqBRIDQ1BIcgUSA0xJU0IBAUgBiAEBmAEB&hl=en&gl=PT&curr=EUR
27–30 Nov,16,Prague,PRG,260.0,EUR,1,TP934 LIS-ZRH 18:40-22:35 / LX1484 ZRH-PRG 07:25-08:45,1,2026-09-09T08:50:58+01:00,https://www.google.com/travel/flights/search?tfs=Gh4SCjIwMjYtMTEtMjcoAUAQagUSA0xJU3IFEgNQUkcaHhIKMjAyNi0xMS0zMCgBQBBqBRIDUFJHcgUSA0xJU0IBAUgBiAEBmAEB&hl=en&gl=PT&curr=EUR
27–30 Nov,17,Oslo,OSL,287.0,EUR,1,TP934 LIS-ZRH 18:40-22:35 / LX1210 ZRH-OSL 09:40-12:10,1,2026-09-09T08:51:00+01:00,https://www.google.com/travel/flights/search?tfs=Gh4SCjIwMjYtMTEtMjcoAUAQagUSA0xJU3IFEgNPU0waHhIKMjAyNi0xMS0zMCgBQBBqBRIDT1NMcgUSA0xJU0IBAUgBiAEBmAEB&hl=en&gl=PT&curr=EUR
27–30 Nov,18,Glasgow,GLA,317.0,EUR,1,BA511 LIS-LHR 18:55-21:40 / BA1470 LHR-GLA 06:25-07:50,1,2026-09-09T08:50:57+01:00,https://www.google.com/travel/flights/search?tfs=Gh4SCjIwMjYtMTEtMjcoAUAQagUSA0xJU3IFEgNHTEEaHhIKMjAyNi0xMS0zMCgBQBBqBRIDR0xBcgUSA0xJU0IBAUgBiAEBmAEB&hl=en&gl=PT&curr=EUR
27–30 Nov,19,Edinburgh,EDI,321.0,EUR,1,BA511 LIS-LHR 18:55-21:40 / BA1440 LHR-EDI 07:05-08:30,1,2026-09-09T08:50:57+01:00,https://www.google.com/travel/flights/search?tfs=Gh4SCjIwMjYtMTEtMjcoAUAQagUSA0xJU3IFEgNFREkaHhIKMjAyNi0xMS0zMCgBQBBqBRIDRURJcgUSA0xJU0IBAUgBiAEBmAEB&hl=en&gl=PT&curr=EUR
27–30 Nov,20,Casablanca,CMN,337.0,EUR,1,AF1625 LIS-CDG 16:10-19:50 / AF1896 CDG-CMN 07:10-09:20,1,2026-09-09T08:50:53+01:00,https://www.google.com/travel/flights/search?tfs=Gh4SCjIwMjYtMTEtMjcoAUAQagUSA0xJU3IFEgNDTU4aHhIKMjAyNi0xMS0zMCgBQBBqBRIDQ01OcgUSA0xJU0IBAUgBiAEBmAEB&hl=en&gl=PT&curr=EUR
27–30 Nov,21,Billund,BLL,348.0,EUR,1,TP574 LIS-FRA 18:25-22:40 / LH836 FRA-BLL 08:30-09:50,1,2026-09-09T08:50:59+01:00,https://www.google.com/travel/flights/search?tfs=Gh4SCjIwMjYtMTEtMjcoAUAQagUSA0xJU3IFEgNCTEwaHhIKMjAyNi0xMS0zMCgBQBBqBRIDQkxMcgUSA0xJU0IBAUgBiAEBmAEB&hl=en&gl=PT&curr=EUR
27–30 Nov,22,Zagreb,ZAG,379.0,EUR,1,TK1760 LIS-IST 16:10-23:55 / TK1053 IST-ZAG 08:15-08:30,1,2026-09-09T08:50:58+01:00,https://www.google.com/travel/flights/search?tfs=Gh4SCjIwMjYtMTEtMjcoAUAQagUSA0xJU3IFEgNaQUcaHhIKMjAyNi0xMS0zMCgBQBBqBRIDWkFHcgUSA0xJU0IBAUgBiAEBmAEB&hl=en&gl=PT&curr=EUR
27–30 Nov,23,Split,SPU,430.0,EUR,1,TP838 LIS-FCO 20:00-00:05 / OU381 FCO-SPU 18:00-19:05,1,2026-09-09T08:50:58+01:00,https://www.google.com/travel/flights/search?tfs=Gh4SCjIwMjYtMTEtMjcoAUAQagUSA0xJU3IFEgNTUFUaHhIKMjAyNi0xMS0zMCgBQBBqBRIDU1BVcgUSA0xJU0IBAUgBiAEBmAEB&hl=en&gl=PT&curr=EUR
27–30 Nov,24,Genoa / Cinque Terre,GOA,441.0,EUR,1,TP838 LIS-FCO 20:00-00:05 / AZ1383 FCO-GOA 09:25-10:35,1,2026-09-09T08:50:55+01:00,https://www.google.com/travel/flights/search?tfs=Gh4SCjIwMjYtMTEtMjcoAUAQagUSA0xJU3IFEgNHT0EaHhIKMjAyNi0xMS0zMCgBQBBqBRIDR09BcgUSA0xJU0IBAUgBiAEBmAEB&hl=en&gl=PT&curr=EUR
27–30 Nov,25,Rovaniemi,RVN,448.0,EUR,1,AY1740 LIS-HEL 16:10-22:50 / AY531 HEL-RVN 07:05-08:30,1,2026-09-09T08:50:55+01:00,https://www.google.com/travel/flights/search?tfs=Gh4SCjIwMjYtMTEtMjcoAUAQagUSA0xJU3IFEgNSVk4aHhIKMjAyNi0xMS0zMCgBQBBqBRIDUlZOcgUSA0xJU0IBAUgBiAEBmAEB&hl=en&gl=PT&curr=EUR
27–30 Nov,26,Bergen,BGO,527.0,EUR,1,SK2802 LIS-CPH 16:55-21:35 / SK2870 CPH-BGO 23:00-00:25,1,2026-09-09T08:51:00+01:00,https://www.google.com/travel/flights/search?tfs=Gh4SCjIwMjYtMTEtMjcoAUAQagUSA0xJU3IFEgNCR08aHhIKMjAyNi0xMS0zMCgBQBBqBRIDQkdPcgUSA0xJU0IBAUgBiAEBmAEB&hl=en&gl=PT&curr=EUR
27–30 Nov,27,Reykjavík,KEF,588.0,EUR,1,SK2802 LIS-CPH 16:55-21:35 / SK595 CPH-KEF 08:15-10:50,1,2026-09-09T08:50:55+01:00,https://www.google.com/travel/flights/search?tfs=Gh4SCjIwMjYtMTEtMjcoAUAQagUSA0xJU3IFEgNLRUYaHhIKMjAyNi0xMS0zMCgBQBBqBRIDS0VGcgUSA0xJU0IBAUgBiAEBmAEB&hl=en&gl=PT&curr=EUR
27–30 Nov,28,Tromsø,TOS,597.0,EUR,1,TP556 LIS-MUC 18:50-23:05 / LH2450 MUC-TOS 08:30-12:15,1,2026-09-09T08:50:54+01:00,https://www.google.com/travel/flights/search?tfs=Gh4SCjIwMjYtMTEtMjcoAUAQagUSA0xJU3IFEgNUT1MaHhIKMjAyNi0xMS0zMCgBQBBqBRIDVE9TcgUSA0xJU0IBAUgBiAEBmAEB&hl=en&gl=PT&curr=EUR
4–7 Dec,1,Nice,NCE,73.0,EUR,1,U27617 LIS-NCE 17:00-20:30,0,2026-09-09T08:51:02+01:00,https://www.google.com/travel/flights/search?tfs=Gh4SCjIwMjYtMTItMDQoAUAQagUSA0xJU3IFEgNOQ0UaHhIKMjAyNi0xMi0wNygBQBBqBRIDTkNFcgUSA0xJU0IBAUgBiAEBmAEB&hl=en&gl=PT&curr=EUR
4–7 Dec,2,London Gatwick,LGW,90.0,EUR,1,U28512 LIS-LGW 16:45-19:30,0,2026-09-09T08:51:09+01:00,https://www.google.com/travel/flights/search?tfs=Gh4SCjIwMjYtMTItMDQoAUAQagUSA0xJU3IFEgNMR1caHhIKMjAyNi0xMi0wNygBQBBqBRIDTEdXcgUSA0xJU0IBAUgBiAEBmAEB&hl=en&gl=PT&curr=EUR
4–7 Dec,3,Madeira,FNC,96.0,EUR,1,U27621 LIS-FNC 17:45-19:35,0,2026-09-09T08:51:02+01:00,https://www.google.com/travel/flights/search?tfs=Gh4SCjIwMjYtMTItMDQoAUAQagUSA0xJU3IFEgNGTkMaHhIKMjAyNi0xMi0wNygBQBBqBRIDRk5DcgUSA0xJU0IBAUgBiAEBmAEB&hl=en&gl=PT&curr=EUR
4–7 Dec,4,London Luton,LTN,100.0,EUR,1,U22462 LIS-LTN 18:50-21:35,0,2026-09-09T08:51:09+01:00,https://www.google.com/travel/flights/search?tfs=Gh4SCjIwMjYtMTItMDQoAUAQagUSA0xJU3IFEgNMVE4aHhIKMjAyNi0xMi0wNygBQBBqBRIDTFROcgUSA0xJU0IBAUgBiAEBmAEB&hl=en&gl=PT&curr=EUR
4–7 Dec,5,Milan Malpensa,MXP,108.0,EUR,1,U27697 LIS-MXP 16:35-20:20,0,2026-09-09T08:51:04+01:00,https://www.google.com/travel/flights/search?tfs=Gh4SCjIwMjYtMTItMDQoAUAQagUSA0xJU3IFEgNNWFAaHhIKMjAyNi0xMi0wNygBQBBqBRIDTVhQcgUSA0xJU0IBAUgBiAEBmAEB&hl=en&gl=PT&curr=EUR
4–7 Dec,6,London Stansted,STN,125.0,EUR,1,FR1081 LIS-STN 16:15-19:05,0,2026-09-09T08:51:09+01:00,https://www.google.com/travel/flights/search?tfs=Gh4SCjIwMjYtMTItMDQoAUAQagUSA0xJU3IFEgNTVE4aHhIKMjAyNi0xMi0wNygBQBBqBRIDU1ROcgUSA0xJU0IBAUgBiAEBmAEB&hl=en&gl=PT&curr=EUR
4–7 Dec,7,Dublin,DUB,150.0,EUR,1,FR651 LIS-DUB 20:50-23:40,0,2026-09-09T08:51:02+01:00,https://www.google.com/travel/flights/search?tfs=Gh4SCjIwMjYtMTItMDQoAUAQagUSA0xJU3IFEgNEVUIaHhIKMjAyNi0xMi0wNygBQBBqBRIDRFVCcgUSA0xJU0IBAUgBiAEBmAEB&hl=en&gl=PT&curr=EUR
4–7 Dec,8,Marrakech,RAK,177.0,EUR,1,AT983 LIS-CMN 17:55-19:20 / AT403 CMN-RAK 22:05-22:55,1,2026-09-09T08:51:02+01:00,https://www.google.com/travel/flights/search?tfs=Gh4SCjIwMjYtMTItMDQoAUAQagUSA0xJU3IFEgNSQUsaHhIKMjAyNi0xMi0wNygBQBBqBRIDUkFLcgUSA0xJU0IBAUgBiAEBmAEB&hl=en&gl=PT&curr=EUR
4–7 Dec,9,Agadir,AGA,177.0,EUR,1,AT983 LIS-CMN 17:55-19:20 / AT423 CMN-AGA 10:00-11:25,1,2026-09-09T08:51:03+01:00,https://www.google.com/travel/flights/search?tfs=Gh4SCjIwMjYtMTItMDQoAUAQagUSA0xJU3IFEgNBR0EaHhIKMjAyNi0xMi0wNygBQBBqBRIDQUdBcgUSA0xJU0IBAUgBiAEBmAEB&hl=en&gl=PT&curr=EUR
4–7 Dec,10,Rome,FCO,180.0,EUR,1,TP838 LIS-FCO 20:00-00:05,0,2026-09-09T08:51:05+01:00,https://www.google.com/travel/flights/search?tfs=Gh4SCjIwMjYtMTItMDQoAUAQagUSA0xJU3IFEgNGQ08aHhIKMjAyNi0xMi0wNygBQBBqBRIDRkNPcgUSA0xJU0IBAUgBiAEBmAEB&hl=en&gl=PT&curr=EUR
4–7 Dec,11,London Heathrow,LHR,186.0,EUR,1,BA511 LIS-LHR 18:55-21:40,0,2026-09-09T08:51:09+01:00,https://www.google.com/travel/flights/search?tfs=Gh4SCjIwMjYtMTItMDQoAUAQagUSA0xJU3IFEgNMSFIaHhIKMjAyNi0xMi0wNygBQBBqBRIDTEhScgUSA0xJU0IBAUgBiAEBmAEB&hl=en&gl=PT&curr=EUR
4–7 Dec,12,Bologna,BLQ,190.0,EUR,1,AF1625 LIS-CDG 16:10-19:50 / AF1028 CDG-BLQ 21:20-23:05,1,2026-09-09T08:51:05+01:00,https://www.google.com/travel/flights/search?tfs=Gh4SCjIwMjYtMTItMDQoAUAQagUSA0xJU3IFEgNCTFEaHhIKMjAyNi0xMi0wNygBQBBqBRIDQkxRcgUSA0xJU0IBAUgBiAEBmAEB&hl=en&gl=PT&curr=EUR
4–7 Dec,13,Venice,VCE,208.0,EUR,1,AF1195 LIS-CDG 18:30-22:10 / AF1426 CDG-VCE 09:25-11:10,1,2026-09-09T08:51:06+01:00,https://www.google.com/travel/flights/search?tfs=Gh4SCjIwMjYtMTItMDQoAUAQagUSA0xJU3IFEgNWQ0UaHhIKMjAyNi0xMi0wNygBQBBqBRIDVkNFcgUSA0xJU0IBAUgBiAEBmAEB&hl=en&gl=PT&curr=EUR
4–7 Dec,14,Berlin,BER,213.0,EUR,1,AF1195 LIS-CDG 18:30-22:10 / AF1434 CDG-BER 07:15-09:05,1,2026-09-09T08:51:07+01:00,https://www.google.com/travel/flights/search?tfs=Gh4SCjIwMjYtMTItMDQoAUAQagUSA0xJU3IFEgNCRVIaHhIKMjAyNi0xMi0wNygBQBBqBRIDQkVScgUSA0xJU0IBAUgBiAEBmAEB&hl=en&gl=PT&curr=EUR
4–7 Dec,15,Oslo,OSL,224.0,EUR,1,AF1625 LIS-CDG 16:10-19:50 / AF1274 CDG-OSL 20:50-23:20,1,2026-09-09T08:51:09+01:00,https://www.google.com/travel/flights/search?tfs=Gh4SCjIwMjYtMTItMDQoAUAQagUSA0xJU3IFEgNPU0waHhIKMjAyNi0xMi0wNygBQBBqBRIDT1NMcgUSA0xJU0IBAUgBiAEBmAEB&hl=en&gl=PT&curr=EUR
4–7 Dec,16,Glasgow,GLA,275.0,EUR,1,BA511 LIS-LHR 18:55-21:40 / BA1470 LHR-GLA 06:25-07:50,1,2026-09-09T08:51:06+01:00,https://www.google.com/travel/flights/search?tfs=Gh4SCjIwMjYtMTItMDQoAUAQagUSA0xJU3IFEgNHTEEaHhIKMjAyNi0xMi0wNygBQBBqBRIDR0xBcgUSA0xJU0IBAUgBiAEBmAEB&hl=en&gl=PT&curr=EUR
4–7 Dec,17,Naples,NAP,275.0,EUR,1,TP934 LIS-ZRH 18:40-22:35 / LX1710 ZRH-NAP 07:15-09:00,1,2026-09-09T08:51:05+01:00,https://www.google.com/travel/flights/search?tfs=Gh4SCjIwMjYtMTItMDQoAUAQagUSA0xJU3IFEgNOQVAaHhIKMjAyNi0xMi0wNygBQBBqBRIDTkFQcgUSA0xJU0IBAUgBiAEBmAEB&hl=en&gl=PT&curr=EUR
4–7 Dec,18,Edinburgh,EDI,280.0,EUR,1,BA511 LIS-LHR 18:55-21:40 / BA1442 LHR-EDI 08:55-10:25,1,2026-09-09T08:51:06+01:00,https://www.google.com/travel/flights/search?tfs=Gh4SCjIwMjYtMTItMDQoAUAQagUSA0xJU3IFEgNFREkaHhIKMjAyNi0xMi0wNygBQBBqBRIDRURJcgUSA0xJU0IBAUgBiAEBmAEB&hl=en&gl=PT&curr=EUR
4–7 Dec,19,Prague,PRG,281.0,EUR,1,AF1625 LIS-CDG 16:10-19:50 / AF1582 CDG-PRG 20:55-22:40,1,2026-09-09T08:51:08+01:00,https://www.google.com/travel/flights/search?tfs=Gh4SCjIwMjYtMTItMDQoAUAQagUSA0xJU3IFEgNQUkcaHhIKMjAyNi0xMi0wNygBQBBqBRIDUFJHcgUSA0xJU0IBAUgBiAEBmAEB&hl=en&gl=PT&curr=EUR
4–7 Dec,20,Copenhagen,CPH,303.0,EUR,1,AF1625 LIS-CDG 16:10-19:50 / AF1350 CDG-CPH 21:00-23:00,1,2026-09-09T08:51:08+01:00,https://www.google.com/travel/flights/search?tfs=Gh4SCjIwMjYtMTItMDQoAUAQagUSA0xJU3IFEgNDUEgaHhIKMjAyNi0xMi0wNygBQBBqBRIDQ1BIcgUSA0xJU0IBAUgBiAEBmAEB&hl=en&gl=PT&curr=EUR
4–7 Dec,21,Casablanca,CMN,321.0,EUR,1,AF1195 LIS-CDG 18:30-22:10 / AF1896 CDG-CMN 07:10-09:20,1,2026-09-09T08:51:03+01:00,https://www.google.com/travel/flights/search?tfs=Gh4SCjIwMjYtMTItMDQoAUAQagUSA0xJU3IFEgNDTU4aHhIKMjAyNi0xMi0wNygBQBBqBRIDQ01OcgUSA0xJU0IBAUgBiAEBmAEB&hl=en&gl=PT&curr=EUR
4–7 Dec,22,Billund,BLL,367.0,EUR,1,TP574 LIS-FRA 18:25-22:40 / LH836 FRA-BLL 08:30-09:50,1,2026-09-09T08:51:08+01:00,https://www.google.com/travel/flights/search?tfs=Gh4SCjIwMjYtMTItMDQoAUAQagUSA0xJU3IFEgNCTEwaHhIKMjAyNi0xMi0wNygBQBBqBRIDQkxMcgUSA0xJU0IBAUgBiAEBmAEB&hl=en&gl=PT&curr=EUR
4–7 Dec,23,Genoa / Cinque Terre,GOA,398.0,EUR,1,TP838 LIS-FCO 20:00-00:05 / AZ1383 FCO-GOA 09:25-10:35,1,2026-09-09T08:51:04+01:00,https://www.google.com/travel/flights/search?tfs=Gh4SCjIwMjYtMTItMDQoAUAQagUSA0xJU3IFEgNHT0EaHhIKMjAyNi0xMi0wNygBQBBqBRIDR09BcgUSA0xJU0IBAUgBiAEBmAEB&hl=en&gl=PT&curr=EUR
4–7 Dec,24,Zagreb,ZAG,409.0,EUR,1,TP574 LIS-FRA 18:25-22:40 / OU417 FRA-ZAG 09:30-10:55,1,2026-09-09T08:51:07+01:00,https://www.google.com/travel/flights/search?tfs=Gh4SCjIwMjYtMTItMDQoAUAQagUSA0xJU3IFEgNaQUcaHhIKMjAyNi0xMi0wNygBQBBqBRIDWkFHcgUSA0xJU0IBAUgBiAEBmAEB&hl=en&gl=PT&curr=EUR
4–7 Dec,25,Split,SPU,431.0,EUR,1,TP934 LIS-ZRH 18:40-22:35 / OU463 ZRH-SPU 14:30-15:55,1,2026-09-09T08:51:07+01:00,https://www.google.com/travel/flights/search?tfs=Gh4SCjIwMjYtMTItMDQoAUAQagUSA0xJU3IFEgNTUFUaHhIKMjAyNi0xMi0wNygBQBBqBRIDU1BVcgUSA0xJU0IBAUgBiAEBmAEB&hl=en&gl=PT&curr=EUR
4–7 Dec,26,Bergen,BGO,503.0,EUR,1,SK2802 LIS-CPH 16:55-21:35 / SK2870 CPH-BGO 23:00-00:25,1,2026-09-09T08:51:10+01:00,https://www.google.com/travel/flights/search?tfs=Gh4SCjIwMjYtMTItMDQoAUAQagUSA0xJU3IFEgNCR08aHhIKMjAyNi0xMi0wNygBQBBqBRIDQkdPcgUSA0xJU0IBAUgBiAEBmAEB&hl=en&gl=PT&curr=EUR
4–7 Dec,27,Rovaniemi,RVN,575.0,EUR,1,AY1740 LIS-HEL 16:10-22:50 / AY531 HEL-RVN 07:05-08:30,1,2026-09-09T08:51:04+01:00,https://www.google.com/travel/flights/search?tfs=Gh4SCjIwMjYtMTItMDQoAUAQagUSA0xJU3IFEgNSVk4aHhIKMjAyNi0xMi0wNygBQBBqBRIDUlZOcgUSA0xJU0IBAUgBiAEBmAEB&hl=en&gl=PT&curr=EUR
4–7 Dec,28,Reykjavík,KEF,620.0,EUR,1,SK2802 LIS-CPH 16:55-21:35 / SK595 CPH-KEF 08:15-10:50,1,2026-09-09T08:51:04+01:00,https://www.google.com/travel/flights/search?tfs=Gh4SCjIwMjYtMTItMDQoAUAQagUSA0xJU3IFEgNLRUYaHhIKMjAyNi0xMi0wNygBQBBqBRIDS0VGcgUSA0xJU0IBAUgBiAEBmAEB&hl=en&gl=PT&curr=EUR
4–7 Dec,29,Tromsø,TOS,740.0,EUR,1,TP556 LIS-MUC 18:50-23:05 / LH2450 MUC-TOS 08:30-12:15,1,2026-09-09T08:51:03+01:00,https://www.google.com/travel/flights/search?tfs=Gh4SCjIwMjYtMTItMDQoAUAQagUSA0xJU3IFEgNUT1MaHhIKMjAyNi0xMi0wNygBQBBqBRIDVE9TcgUSA0xJU0IBAUgBiAEBmAEB&hl=en&gl=PT&curr=EUR
11–14 Dec,1,Madeira,FNC,58.0,EUR,1,U27621 LIS-FNC 17:45-19:35,0,2026-09-09T08:51:10+01:00,https://www.google.com/travel/flights/search?tfs=Gh4SCjIwMjYtMTItMTEoAUALagUSA0xJU3IFEgNGTkMaHhIKMjAyNi0xMi0xNCgBQA5qBRIDRk5DcgUSA0xJU0IBAUgBiAEBmAEB&hl=en&gl=PT&curr=EUR
11–14 Dec,2,Milan Malpensa,MXP,62.0,EUR,1,U27697 LIS-MXP 16:35-20:20,0,2026-09-09T08:51:13+01:00,https://www.google.com/travel/flights/search?tfs=Gh4SCjIwMjYtMTItMTEoAUALagUSA0xJU3IFEgNNWFAaHhIKMjAyNi0xMi0xNCgBQA5qBRIDTVhQcgUSA0xJU0IBAUgBiAEBmAEB&hl=en&gl=PT&curr=EUR
11–14 Dec,3,Marrakech,RAK,70.0,EUR,1,U27675 LIS-RAK 13:25-15:05,0,2026-09-09T08:51:11+01:00,https://www.google.com/travel/flights/search?tfs=Gh4SCjIwMjYtMTItMTEoAUALagUSA0xJU3IFEgNSQUsaHhIKMjAyNi0xMi0xNCgBQA5qBRIDUkFLcgUSA0xJU0IBAUgBiAEBmAEB&hl=en&gl=PT&curr=EUR
11–14 Dec,4,Nice,NCE,73.0,EUR,1,U27617 LIS-NCE 17:00-20:30,0,2026-09-09T08:51:10+01:00,https://www.google.com/travel/flights/search?tfs=Gh4SCjIwMjYtMTItMTEoAUALagUSA0xJU3IFEgNOQ0UaHhIKMjAyNi0xMi0xNCgBQA5qBRIDTkNFcgUSA0xJU0IBAUgBiAEBmAEB&hl=en&gl=PT&curr=EUR
11–14 Dec,5,Rome,FCO,84.0,EUR,1,FR9904 LIS-FCO 20:40-00:40,0,2026-09-09T08:51:13+01:00,https://www.google.com/travel/flights/search?tfs=Gh4SCjIwMjYtMTItMTEoAUALagUSA0xJU3IFEgNGQ08aHhIKMjAyNi0xMi0xNCgBQA5qBRIDRkNPcgUSA0xJU0IBAUgBiAEBmAEB&hl=en&gl=PT&curr=EUR
11–14 Dec,6,Dublin,DUB,88.0,EUR,1,FR673 LIS-DUB 11:25-14:15,0,2026-09-09T08:51:10+01:00,https://www.google.com/travel/flights/search?tfs=Gh4SCjIwMjYtMTItMTEoAUALagUSA0xJU3IFEgNEVUIaHhIKMjAyNi0xMi0xNCgBQA5qBRIDRFVCcgUSA0xJU0IBAUgBiAEBmAEB&hl=en&gl=PT&curr=EUR
11–14 Dec,7,London Stansted,STN,90.0,EUR,1,FR1883 LIS-STN 19:25-22:15,0,2026-09-09T08:51:18+01:00,https://www.google.com/travel/flights/search?tfs=Gh4SCjIwMjYtMTItMTEoAUALagUSA0xJU3IFEgNTVE4aHhIKMjAyNi0xMi0xNCgBQA5qBRIDU1ROcgUSA0xJU0IBAUgBiAEBmAEB&hl=en&gl=PT&curr=EUR
11–14 Dec,8,London Gatwick,LGW,98.0,EUR,1,U28518 LIS-LGW 19:50-22:35,0,2026-09-09T08:51:18+01:00,https://www.google.com/travel/flights/search?tfs=Gh4SCjIwMjYtMTItMTEoAUALagUSA0xJU3IFEgNMR1caHhIKMjAyNi0xMi0xNCgBQA5qBRIDTEdXcgUSA0xJU0IBAUgBiAEBmAEB&hl=en&gl=PT&curr=EUR
11–14 Dec,9,London Luton,LTN,98.0,EUR,1,U22460 LIS-LTN 11:15-14:05,0,2026-09-09T08:51:18+01:00,https://www.google.com/travel/flights/search?tfs=Gh4SCjIwMjYtMTItMTEoAUALagUSA0xJU3IFEgNMVE4aHhIKMjAyNi0xMi0xNCgBQA5qBRIDTFROcgUSA0xJU0IBAUgBiAEBmAEB&hl=en&gl=PT&curr=EUR
11–14 Dec,10,Venice,VCE,110.0,EUR,1,UX1160 LIS-MAD 20:05-22:20 / UX1081 MAD-VCE 06:50-09:20,1,2026-09-09T08:51:14+01:00,https://www.google.com/travel/flights/search?tfs=Gh4SCjIwMjYtMTItMTEoAUALagUSA0xJU3IFEgNWQ0UaHhIKMjAyNi0xMi0xNCgBQA5qBRIDVkNFcgUSA0xJU0IBAUgBiAEBmAEB&hl=en&gl=PT&curr=EUR
11–14 Dec,11,Naples,NAP,137.0,EUR,1,VY1155 LIS-BCN 21:05-23:59 / VY2720 BCN-NAP 11:15-13:10,1,2026-09-09T08:51:14+01:00,https://www.google.com/travel/flights/search?tfs=Gh4SCjIwMjYtMTItMTEoAUALagUSA0xJU3IFEgNOQVAaHhIKMjAyNi0xMi0xNCgBQA5qBRIDTkFQcgUSA0xJU0IBAUgBiAEBmAEB&hl=en&gl=PT&curr=EUR
11–14 Dec,12,Berlin,BER,163.0,EUR,1,LH1779 LIS-MUC 14:20-18:25 / LH1966 MUC-BER 21:30-22:40,1,2026-09-09T08:51:15+01:00,https://www.google.com/travel/flights/search?tfs=Gh4SCjIwMjYtMTItMTEoAUALagUSA0xJU3IFEgNCRVIaHhIKMjAyNi0xMi0xNCgBQA5qBRIDQkVScgUSA0xJU0IBAUgBiAEBmAEB&hl=en&gl=PT&curr=EUR
11–14 Dec,13,Bologna,BLQ,165.0,EUR,1,LH1779 LIS-MUC 14:20-18:25 / EN2176 MUC-BLQ 22:05-23:10,1,2026-09-09T08:51:14+01:00,https://www.google.com/travel/flights/search?tfs=Gh4SCjIwMjYtMTItMTEoAUALagUSA0xJU3IFEgNCTFEaHhIKMjAyNi0xMi0xNCgBQA5qBRIDQkxRcgUSA0xJU0IBAUgBiAEBmAEB&hl=en&gl=PT&curr=EUR
11–14 Dec,14,London Heathrow,LHR,170.0,EUR,1,BA511 LIS-LHR 18:55-21:40,0,2026-09-09T08:51:17+01:00,https://www.google.com/travel/flights/search?tfs=Gh4SCjIwMjYtMTItMTEoAUALagUSA0xJU3IFEgNMSFIaHhIKMjAyNi0xMi0xNCgBQA5qBRIDTEhScgUSA0xJU0IBAUgBiAEBmAEB&hl=en&gl=PT&curr=EUR
11–14 Dec,15,Copenhagen,CPH,177.0,EUR,1,AF1195 LIS-CDG 18:30-22:10 / AF1750 CDG-CPH 07:10-09:10,1,2026-09-09T08:51:17+01:00,https://www.google.com/travel/flights/search?tfs=Gh4SCjIwMjYtMTItMTEoAUALagUSA0xJU3IFEgNDUEgaHhIKMjAyNi0xMi0xNCgBQA5qBRIDQ1BIcgUSA0xJU0IBAUgBiAEBmAEB&hl=en&gl=PT&curr=EUR
11–14 Dec,16,Casablanca,CMN,188.0,EUR,1,AF1195 LIS-CDG 18:30-22:10 / AF1896 CDG-CMN 07:10-09:20,1,2026-09-09T08:51:11+01:00,https://www.google.com/travel/flights/search?tfs=Gh4SCjIwMjYtMTItMTEoAUALagUSA0xJU3IFEgNDTU4aHhIKMjAyNi0xMi0xNCgBQA5qBRIDQ01OcgUSA0xJU0IBAUgBiAEBmAEB&hl=en&gl=PT&curr=EUR
11–14 Dec,17,Oslo,OSL,197.0,EUR,1,AF1625 LIS-CDG 16:10-19:50 / AF1274 CDG-OSL 20:50-23:20,1,2026-09-09T08:51:18+01:00,https://www.google.com/travel/flights/search?tfs=Gh4SCjIwMjYtMTItMTEoAUALagUSA0xJU3IFEgNPU0waHhIKMjAyNi0xMi0xNCgBQA5qBRIDT1NMcgUSA0xJU0IBAUgBiAEBmAEB&hl=en&gl=PT&curr=EUR
11–14 Dec,18,Agadir,AGA,198.0,EUR,1,AT983 LIS-CMN 17:55-19:20 / AT431 CMN-AGA 21:55-22:55,1,2026-09-09T08:51:12+01:00,https://www.google.com/travel/flights/search?tfs=Gh4SCjIwMjYtMTItMTEoAUALagUSA0xJU3IFEgNBR0EaHhIKMjAyNi0xMi0xNCgBQA5qBRIDQUdBcgUSA0xJU0IBAUgBiAEBmAEB&hl=en&gl=PT&curr=EUR
11–14 Dec,19,Prague,PRG,207.0,EUR,1,LH1779 LIS-MUC 14:20-18:25 / LH1694 MUC-PRG 21:50-22:40,1,2026-09-09T08:51:17+01:00,https://www.google.com/travel/flights/search?tfs=Gh4SCjIwMjYtMTItMTEoAUALagUSA0xJU3IFEgNQUkcaHhIKMjAyNi0xMi0xNCgBQA5qBRIDUFJHcgUSA0xJU0IBAUgBiAEBmAEB&hl=en&gl=PT&curr=EUR
11–14 Dec,20,Billund,BLL,237.0,EUR,1,AF1025 LIS-CDG 12:25-16:00 / AF1764 CDG-BLL 20:00-21:45,1,2026-09-09T08:51:17+01:00,https://www.google.com/travel/flights/search?tfs=Gh4SCjIwMjYtMTItMTEoAUALagUSA0xJU3IFEgNCTEwaHhIKMjAyNi0xMi0xNCgBQA5qBRIDQkxMcgUSA0xJU0IBAUgBiAEBmAEB&hl=en&gl=PT&curr=EUR
11–14 Dec,21,Edinburgh,EDI,240.0,EUR,1,KL1584 LIS-AMS 15:35-19:30 / KL933 AMS-EDI 22:40-23:05,1,2026-09-09T08:51:15+01:00,https://www.google.com/travel/flights/search?tfs=Gh4SCjIwMjYtMTItMTEoAUALagUSA0xJU3IFEgNFREkaHhIKMjAyNi0xMi0xNCgBQA5qBRIDRURJcgUSA0xJU0IBAUgBiAEBmAEB&hl=en&gl=PT&curr=EUR
11–14 Dec,22,Glasgow,GLA,254.0,EUR,1,BA505 LIS-LHR 12:55-15:50 / BA1490 LHR-GLA 18:10-19:35,1,2026-09-09T08:51:15+01:00,https://www.google.com/travel/flights/search?tfs=Gh4SCjIwMjYtMTItMTEoAUALagUSA0xJU3IFEgNHTEEaHhIKMjAyNi0xMi0xNCgBQA5qBRIDR0xBcgUSA0xJU0IBAUgBiAEBmAEB&hl=en&gl=PT&curr=EUR
11–14 Dec,23,Zagreb,ZAG,257.0,EUR,1,AF1195 LIS-CDG 18:30-22:10 / AF1560 CDG-ZAG 10:00-12:00,1,2026-09-09T08:51:16+01:00,https://www.google.com/travel/flights/search?tfs=Gh4SCjIwMjYtMTItMTEoAUALagUSA0xJU3IFEgNaQUcaHhIKMjAyNi0xMi0xNCgBQA5qBRIDWkFHcgUSA0xJU0IBAUgBiAEBmAEB&hl=en&gl=PT&curr=EUR
11–14 Dec,24,Bergen,BGO,268.0,EUR,1,KL1584 LIS-AMS 15:35-19:30 / KL1171 AMS-BGO 21:45-23:25,1,2026-09-09T08:51:18+01:00,https://www.google.com/travel/flights/search?tfs=Gh4SCjIwMjYtMTItMTEoAUALagUSA0xJU3IFEgNCR08aHhIKMjAyNi0xMi0xNCgBQA5qBRIDQkdPcgUSA0xJU0IBAUgBiAEBmAEB&hl=en&gl=PT&curr=EUR
11–14 Dec,25,Split,SPU,353.0,EUR,1,LH1169 LIS-FRA 15:45-19:45 / OU413 FRA-SPU 12:05-13:45,1,2026-09-09T08:51:16+01:00,https://www.google.com/travel/flights/search?tfs=Gh4SCjIwMjYtMTItMTEoAUALagUSA0xJU3IFEgNTUFUaHhIKMjAyNi0xMi0xNCgBQA5qBRIDU1BVcgUSA0xJU0IBAUgBiAEBmAEB&hl=en&gl=PT&curr=EUR
11–14 Dec,26,Genoa / Cinque Terre,GOA,384.0,EUR,1,TP838 LIS-FCO 20:00-00:05 / AZ1383 FCO-GOA 09:25-10:35,1,2026-09-09T08:51:13+01:00,https://www.google.com/travel/flights/search?tfs=Gh4SCjIwMjYtMTItMTEoAUALagUSA0xJU3IFEgNHT0EaHhIKMjAyNi0xMi0xNCgBQA5qBRIDR09BcgUSA0xJU0IBAUgBiAEBmAEB&hl=en&gl=PT&curr=EUR
11–14 Dec,27,Reykjavík,KEF,460.0,EUR,1,KL1580 LIS-AMS 11:30-15:30 / FI505 AMS-KEF 20:20-22:50,1,2026-09-09T08:51:12+01:00,https://www.google.com/travel/flights/search?tfs=Gh4SCjIwMjYtMTItMTEoAUALagUSA0xJU3IFEgNLRUYaHhIKMjAyNi0xMi0xNCgBQA5qBRIDS0VGcgUSA0xJU0IBAUgBiAEBmAEB&hl=en&gl=PT&curr=EUR
11–14 Dec,28,Tromsø,TOS,561.0,EUR,1,EW9603 LIS-DUS 13:30-17:25 / EW9250 DUS-TOS 14:35-17:55,1,2026-09-09T08:51:12+01:00,https://www.google.com/travel/flights/search?tfs=Gh4SCjIwMjYtMTItMTEoAUALagUSA0xJU3IFEgNUT1MaHhIKMjAyNi0xMi0xNCgBQA5qBRIDVE9TcgUSA0xJU0IBAUgBiAEBmAEB&hl=en&gl=PT&curr=EUR
11–14 Dec,29,Rovaniemi,RVN,572.0,EUR,1,AY1740 LIS-HEL 16:10-22:50 / AY539 HEL-RVN 23:35-01:00,1,2026-09-09T08:51:12+01:00,https://www.google.com/travel/flights/search?tfs=Gh4SCjIwMjYtMTItMTEoAUALagUSA0xJU3IFEgNSVk4aHhIKMjAyNi0xMi0xNCgBQA5qBRIDUlZOcgUSA0xJU0IBAUgBiAEBmAEB&hl=en&gl=PT&curr=EUR
17–23 Dec,1,Marrakech,RAK,82.0,EUR,1,U27675 LIS-RAK 17:00-18:35,0,2026-09-09T08:51:21+01:00,https://www.google.com/travel/flights/search?tfs=Gh4SCjIwMjYtMTItMTcoAUARagUSA0xJU3IFEgNSQUsaHhIKMjAyNi0xMi0yMygBQAxqBRIDUkFLcgUSA0xJU0IBAUgBiAEBmAEB&hl=en&gl=PT&curr=EUR
17–23 Dec,2,Madeira,FNC,126.0,EUR,1,U27635 LIS-FNC 18:50-20:40,0,2026-09-09T08:51:20+01:00,https://www.google.com/travel/flights/search?tfs=Gh4SCjIwMjYtMTItMTcoAUARagUSA0xJU3IFEgNGTkMaHhIKMjAyNi0xMi0yMygBQAxqBRIDRk5DcgUSA0xJU0IBAUgBiAEBmAEB&hl=en&gl=PT&curr=EUR
17–23 Dec,3,Milan Malpensa,MXP,129.0,EUR,1,U23876 LIS-MXP 19:10-22:55,0,2026-09-09T08:51:23+01:00,https://www.google.com/travel/flights/search?tfs=Gh4SCjIwMjYtMTItMTcoAUARagUSA0xJU3IFEgNNWFAaHhIKMjAyNi0xMi0yMygBQAxqBRIDTVhQcgUSA0xJU0IBAUgBiAEBmAEB&hl=en&gl=PT&curr=EUR
17–23 Dec,4,London Stansted,STN,165.0,EUR,1,FR1883 LIS-STN 17:30-20:20,0,2026-09-09T08:51:28+01:00,https://www.google.com/travel/flights/search?tfs=Gh4SCjIwMjYtMTItMTcoAUARagUSA0xJU3IFEgNTVE4aHhIKMjAyNi0xMi0yMygBQAxqBRIDU1ROcgUSA0xJU0IBAUgBiAEBmAEB&hl=en&gl=PT&curr=EUR
17–23 Dec,5,Naples,NAP,167.0,EUR,1,VY1153 LIS-BCN 19:00-21:55 / VY6122 BCN-NAP 07:10-09:05,1,2026-09-09T08:51:23+01:00,https://www.google.com/travel/flights/search?tfs=Gh4SCjIwMjYtMTItMTcoAUARagUSA0xJU3IFEgNOQVAaHhIKMjAyNi0xMi0yMygBQAxqBRIDTkFQcgUSA0xJU0IBAUgBiAEBmAEB&hl=en&gl=PT&curr=EUR
17–23 Dec,6,London Gatwick,LGW,184.0,EUR,1,U28518 LIS-LGW 19:50-22:35,0,2026-09-09T08:51:27+01:00,https://www.google.com/travel/flights/search?tfs=Gh4SCjIwMjYtMTItMTcoAUARagUSA0xJU3IFEgNMR1caHhIKMjAyNi0xMi0yMygBQAxqBRIDTEdXcgUSA0xJU0IBAUgBiAEBmAEB&hl=en&gl=PT&curr=EUR
17–23 Dec,7,Nice,NCE,187.0,EUR,1,VY1153 LIS-BCN 19:00-21:55 / VY8134 BCN-NCE 07:00-08:20,1,2026-09-09T08:51:20+01:00,https://www.google.com/travel/flights/search?tfs=Gh4SCjIwMjYtMTItMTcoAUARagUSA0xJU3IFEgNOQ0UaHhIKMjAyNi0xMi0yMygBQAxqBRIDTkNFcgUSA0xJU0IBAUgBiAEBmAEB&hl=en&gl=PT&curr=EUR
17–23 Dec,8,Rome,FCO,202.0,EUR,1,VY1153 LIS-BCN 19:00-21:55 / VY6000 BCN-FCO 07:10-09:00,1,2026-09-09T08:51:23+01:00,https://www.google.com/travel/flights/search?tfs=Gh4SCjIwMjYtMTItMTcoAUARagUSA0xJU3IFEgNGQ08aHhIKMjAyNi0xMi0yMygBQAxqBRIDRkNPcgUSA0xJU0IBAUgBiAEBmAEB&hl=en&gl=PT&curr=EUR
17–23 Dec,9,London Luton,LTN,213.0,EUR,1,U22462 LIS-LTN 19:35-22:20,0,2026-09-09T08:51:28+01:00,https://www.google.com/travel/flights/search?tfs=Gh4SCjIwMjYtMTItMTcoAUARagUSA0xJU3IFEgNMVE4aHhIKMjAyNi0xMi0yMygBQAxqBRIDTFROcgUSA0xJU0IBAUgBiAEBmAEB&hl=en&gl=PT&curr=EUR
17–23 Dec,10,Prague,PRG,215.0,EUR,1,JU563 LIS-BEG 17:20-22:05 / JU170 BEG-PRG 06:30-08:40,1,2026-09-09T08:51:26+01:00,https://www.google.com/travel/flights/search?tfs=Gh4SCjIwMjYtMTItMTcoAUARagUSA0xJU3IFEgNQUkcaHhIKMjAyNi0xMi0yMygBQAxqBRIDUFJHcgUSA0xJU0IBAUgBiAEBmAEB&hl=en&gl=PT&curr=EUR
17–23 Dec,11,London Heathrow,LHR,236.0,EUR,1,BA511 LIS-LHR 18:35-21:20,0,2026-09-09T08:51:27+01:00,https://www.google.com/travel/flights/search?tfs=Gh4SCjIwMjYtMTItMTcoAUARagUSA0xJU3IFEgNMSFIaHhIKMjAyNi0xMi0yMygBQAxqBRIDTEhScgUSA0xJU0IBAUgBiAEBmAEB&hl=en&gl=PT&curr=EUR
17–23 Dec,12,Zagreb,ZAG,238.0,EUR,1,JU563 LIS-BEG 17:20-22:05 / JU600 BEG-ZAG 07:45-09:00,1,2026-09-09T08:51:25+01:00,https://www.google.com/travel/flights/search?tfs=Gh4SCjIwMjYtMTItMTcoAUARagUSA0xJU3IFEgNaQUcaHhIKMjAyNi0xMi0yMygBQAxqBRIDWkFHcgUSA0xJU0IBAUgBiAEBmAEB&hl=en&gl=PT&curr=EUR
17–23 Dec,13,Berlin,BER,240.0,EUR,1,VY1153 LIS-BCN 19:00-21:55 / VY1070 BCN-BER 07:00-09:45,1,2026-09-09T08:51:25+01:00,https://www.google.com/travel/flights/search?tfs=Gh4SCjIwMjYtMTItMTcoAUARagUSA0xJU3IFEgNCRVIaHhIKMjAyNi0xMi0yMygBQAxqBRIDQkVScgUSA0xJU0IBAUgBiAEBmAEB&hl=en&gl=PT&curr=EUR
17–23 Dec,14,Dublin,DUB,245.0,EUR,1,FR673 LIS-DUB 20:30-23:20,0,2026-09-09T08:51:20+01:00,https://www.google.com/travel/flights/search?tfs=Gh4SCjIwMjYtMTItMTcoAUARagUSA0xJU3IFEgNEVUIaHhIKMjAyNi0xMi0yMygBQAxqBRIDRFVCcgUSA0xJU0IBAUgBiAEBmAEB&hl=en&gl=PT&curr=EUR
17–23 Dec,15,Venice,VCE,247.0,EUR,1,UX1160 LIS-MAD 20:05-22:20 / UX1081 MAD-VCE 06:50-09:20,1,2026-09-09T08:51:24+01:00,https://www.google.com/travel/flights/search?tfs=Gh4SCjIwMjYtMTItMTcoAUARagUSA0xJU3IFEgNWQ0UaHhIKMjAyNi0xMi0yMygBQAxqBRIDVkNFcgUSA0xJU0IBAUgBiAEBmAEB&hl=en&gl=PT&curr=EUR
17–23 Dec,16,Copenhagen,CPH,269.0,EUR,1,JU563 LIS-BEG 17:20-22:05 / JU372 BEG-CPH 17:15-19:35,1,2026-09-09T08:51:26+01:00,https://www.google.com/travel/flights/search?tfs=Gh4SCjIwMjYtMTItMTcoAUARagUSA0xJU3IFEgNDUEgaHhIKMjAyNi0xMi0yMygBQAxqBRIDQ1BIcgUSA0xJU0IBAUgBiAEBmAEB&hl=en&gl=PT&curr=EUR
17–23 Dec,17,Bologna,BLQ,270.0,EUR,1,AF1195 LIS-CDG 18:30-22:10 / AF1228 CDG-BLQ 08:00-09:45,1,2026-09-09T08:51:24+01:00,https://www.google.com/travel/flights/search?tfs=Gh4SCjIwMjYtMTItMTcoAUARagUSA0xJU3IFEgNCTFEaHhIKMjAyNi0xMi0yMygBQAxqBRIDQkxRcgUSA0xJU0IBAUgBiAEBmAEB&hl=en&gl=PT&curr=EUR
17–23 Dec,18,Glasgow,GLA,275.0,EUR,1,BA511 LIS-LHR 18:35-21:20 / BA1474 LHR-GLA 07:05-08:30,1,2026-09-09T08:51:25+01:00,https://www.google.com/travel/flights/search?tfs=Gh4SCjIwMjYtMTItMTcoAUARagUSA0xJU3IFEgNHTEEaHhIKMjAyNi0xMi0yMygBQAxqBRIDR0xBcgUSA0xJU0IBAUgBiAEBmAEB&hl=en&gl=PT&curr=EUR
17–23 Dec,19,Edinburgh,EDI,321.0,EUR,1,BA511 LIS-LHR 18:35-21:20 / BA1438 LHR-EDI 06:05-07:30,1,2026-09-09T08:51:24+01:00,https://www.google.com/travel/flights/search?tfs=Gh4SCjIwMjYtMTItMTcoAUARagUSA0xJU3IFEgNFREkaHhIKMjAyNi0xMi0yMygBQAxqBRIDRURJcgUSA0xJU0IBAUgBiAEBmAEB&hl=en&gl=PT&curr=EUR
17–23 Dec,20,Agadir,AGA,352.0,EUR,1,TP574 LIS-FRA 18:25-22:40 / 4Y232 FRA-AGA 10:30-13:30,1,2026-09-09T08:51:22+01:00,https://www.google.com/travel/flights/search?tfs=Gh4SCjIwMjYtMTItMTcoAUARagUSA0xJU3IFEgNBR0EaHhIKMjAyNi0xMi0yMygBQAxqBRIDQUdBcgUSA0xJU0IBAUgBiAEBmAEB&hl=en&gl=PT&curr=EUR
17–23 Dec,21,Casablanca,CMN,361.0,EUR,1,AT983 LIS-CMN 17:55-19:20,0,2026-09-09T08:51:21+01:00,https://www.google.com/travel/flights/search?tfs=Gh4SCjIwMjYtMTItMTcoAUARagUSA0xJU3IFEgNDTU4aHhIKMjAyNi0xMi0yMygBQAxqBRIDQ01OcgUSA0xJU0IBAUgBiAEBmAEB&hl=en&gl=PT&curr=EUR
17–23 Dec,22,Oslo,OSL,434.0,EUR,1,TP556 LIS-MUC 18:50-23:05 / LH2452 MUC-OSL 08:45-11:00,1,2026-09-09T08:51:28+01:00,https://www.google.com/travel/flights/search?tfs=Gh4SCjIwMjYtMTItMTcoAUARagUSA0xJU3IFEgNPU0waHhIKMjAyNi0xMi0yMygBQAxqBRIDT1NMcgUSA0xJU0IBAUgBiAEBmAEB&hl=en&gl=PT&curr=EUR
17–23 Dec,23,Split,SPU,445.0,EUR,1,TP838 LIS-FCO 20:00-00:05 / OU381 FCO-SPU 18:00-19:05,1,2026-09-09T08:51:26+01:00,https://www.google.com/travel/flights/search?tfs=Gh4SCjIwMjYtMTItMTcoAUARagUSA0xJU3IFEgNTUFUaHhIKMjAyNi0xMi0yMygBQAxqBRIDU1BVcgUSA0xJU0IBAUgBiAEBmAEB&hl=en&gl=PT&curr=EUR
17–23 Dec,24,Bergen,BGO,514.0,EUR,1,TP574 LIS-FRA 18:25-22:40 / LH872 FRA-BGO 10:10-12:10,1,2026-09-09T08:51:28+01:00,https://www.google.com/travel/flights/search?tfs=Gh4SCjIwMjYtMTItMTcoAUARagUSA0xJU3IFEgNCR08aHhIKMjAyNi0xMi0yMygBQAxqBRIDQkdPcgUSA0xJU0IBAUgBiAEBmAEB&hl=en&gl=PT&curr=EUR
17–23 Dec,25,Tromsø,TOS,607.0,EUR,1,TP934 LIS-ZRH 18:40-22:35 / WK318 ZRH-TOS 08:20-12:15,1,2026-09-09T08:51:22+01:00,https://www.google.com/travel/flights/search?tfs=Gh4SCjIwMjYtMTItMTcoAUARagUSA0xJU3IFEgNUT1MaHhIKMjAyNi0xMi0yMygBQAxqBRIDVE9TcgUSA0xJU0IBAUgBiAEBmAEB&hl=en&gl=PT&curr=EUR
17–23 Dec,26,Billund,BLL,639.0,EUR,1,BA511 LIS-LHR 18:35-21:20 / BA820 LHR-BLL 08:55-11:40,1,2026-09-09T08:51:27+01:00,https://www.google.com/travel/flights/search?tfs=Gh4SCjIwMjYtMTItMTcoAUARagUSA0xJU3IFEgNCTEwaHhIKMjAyNi0xMi0yMygBQAxqBRIDQkxMcgUSA0xJU0IBAUgBiAEBmAEB&hl=en&gl=PT&curr=EUR
17–23 Dec,27,Reykjavík,KEF,723.0,EUR,1,TP574 LIS-FRA 18:25-22:40 / 4Y1358 FRA-KEF 11:35-14:25,1,2026-09-09T08:51:22+01:00,https://www.google.com/travel/flights/search?tfs=Gh4SCjIwMjYtMTItMTcoAUARagUSA0xJU3IFEgNLRUYaHhIKMjAyNi0xMi0yMygBQAxqBRIDS0VGcgUSA0xJU0IBAUgBiAEBmAEB&hl=en&gl=PT&curr=EUR
17–23 Dec,28,Rovaniemi,RVN,975.0,EUR,1,AF1195 LIS-CDG 18:30-22:10 / AF1524 CDG-RVN 09:40-14:20,1,2026-09-09T08:51:22+01:00,https://www.google.com/travel/flights/search?tfs=Gh4SCjIwMjYtMTItMTcoAUARagUSA0xJU3IFEgNSVk4aHhIKMjAyNi0xMi0yMygBQAxqBRIDUlZOcgUSA0xJU0IBAUgBiAEBmAEB&hl=en&gl=PT&curr=EUR
